ID,Title,URL,Date,Description,Provider,AI Checked,AI Suggests Download,Video URL,Video Path,Victim Names,Location,Case ID,Relevant Timestamps
67fddfbfbb0e5e0a7c47fdc9,Passengers say cabin crew put a dead body next to them on flight,https://www.cnn.com/2025/02/26/world/video/body-on-plane-qatar-airways-digvid,"Feb 26, 2025",An Australian couple says they were on a flight from Melbourne to Doha when the cabin crew put the body of a passenger who had died next to them. CNN’s Marc Stewart reports about the incident and what the couple told CNN affiliate Nine ...,cnn,true,true,https://clips-media-aka.warnermediacdn.com/cnn/clips/2025-02/1806784-c99f57733636432598fa37c789ab6da8/mp4/body-on-plane-digvid-1806784-1920x1080_8000k.mp4,downloads/67fddfbfbb0e5e0a7c47fdc9.mp4,Unknown,Unknown,-1,"[{""start"":""00:11"",""end"":""00:14"",""text_snippet"":"""",""location"":"""",""time_detail"":""""},{""start"":""00:17"",""end"":""00:19"",""text_snippet"":"""",""location"":"""",""time_detail"":""""},{""start"":""00:32"",""end"":""00:40"",""text_snippet"":"""",""location"":""Seat 17A, business class"",""time_detail"":""""},{""start"":""01:45"",""end"":""01:47"",""text_snippet"":"""",""location"":"""",""time_detail"":""""}]"
67fddfbfbb0e5e0a7c47fdca,Divers retrieving bodies and debris face difficult conditions,https://www.cnn.com/2025/01/30/us/video/divers-retrieving-bodies-and-debris-face-difficult-conditions,"Jan 30, 2025","Between the sharp edges of the wreckage, the spilled jet fuel, the murky water, the cold temperatures, and the currents, divers face tough conditions in aftermath of the DC crash.",cnn,true,false,,,Unknown,Unknown,-1,null
67fddfbfbb0e5e0a7c47fdcb,What we know about the 2 bodies found in wheel well of JetBlue plane,https://www.cnn.com/2025/01/07/us/video/jetblue-bodies-found-suarez-cnc-digvid,"Jan 7, 2025","Two people were found dead in the wheel well of a JetBlue plane from New York City after it landed at Fort Lauderdale-Hollywood International Airport, the airline said. The discovery is the latest in a string of incidents that have raised concerns over airline ...",cnn,true,true,https://vod-media-aka.warnermediacdn.com/cnn/v2/clips/2025-01/1741929-b8947511d47846e59c77a46d98eec8be/mp4/jetblue-bodies-found-suarez-cnc-digvid-1741929-1920x1080_8000k.mp4,downloads/67fddfbfbb0e5e0a7c47fdcb.mp4,Unknown,"Fort Lauderdale-Hollywood International Airport, Florida",2,"[{""start"":""00:20"",""end"":""00:24"",""text_snippet"":"""",""location"":""wheel well of an airplane (Jet Blue flight from New York City)"",""time_detail"":""""},{""start"":""00:43"",""end"":""00:49"",""text_snippet"":"""",""location"":""United Airlines flight (Chicago to Maui)"",""time_detail"":""""}]"
67fddfbfbb0e5e0a7c47fdcc,Couple say they found body believed to be interstate shooting suspect,https://www.cnn.com/2024/09/19/us/video/joseph-couch-kentucky-highway-shooting-couple-found-body-digvid,"Sep 19, 2024","Authorities believe the body of Joseph Couch, a suspect in the shooting of multiple people on the I-75 highway near London, Kentucky, has been discovered by Fred and Sheila McCoy. The couple had been searching for Couch for days, hoping for a ...",cnn,true,true,https://vod-media-aka.warnermediacdn.com/cnn/v2/clips/2024-09/1649870-60a4457d86754baabf246ddd6f0081b6/mp4/joseph-couch-kentucky-highway-shooting-couple-found-body-digvid-1649870-1920x1080_8000k.mp4,downloads/67fddfbfbb0e5e0a7c47fdcc.mp4,Joseph Couch,"I-75 near London, Kentucky",-1,"[{""start"":""00:00"",""end"":""00:07"",""text_snippet"":"""",""location"":""Kentucky forest"",""time_detail"":""""},{""start"":""00:07"",""end"":""00:14"",""text_snippet"":"""",""location"":""Kentucky forest"",""time_detail"":""""},{""start"":""00:15"",""end"":""00:23"",""text_snippet"":"""",""location"":"""",""time_detail"":""""},{""start"":""00:26"",""end"":""00:34"",""text_snippet"":"""",""location"":"""",""time_detail"":""""}]"
67fddfbfbb0e5e0a7c47fdcd,Archaeologists look for human link after unearthing giant fossil,https://www.cnn.com/2024/08/23/science/video/mastodon-discovered-rural-iowa-digvid,"Aug 23, 2024","With help from a rural community in Iowa, archaeologists unearthed a 13,600-year-old giant mastodon fossil from an eroding creek bed.",cnn,true,false,,,Unknown,Unknown,0,null
67fddfbfbb0e5e0a7c47fdce,Hear challenges divers face while recovering missing people after yacht sinks,https://www.cnn.com/2024/08/21/world/video/sunken-bayesian-superyacht-missing-bodies-recovery-nadeau-digvid,"Aug 21, 2024","Authorities confirmed four bodies found by divers were those aboard the Bayesian” superyacht, which sank off the coast of Sicily. CNN’s Barbie Latza Nadeau reports.",cnn,true,true,https://vod-media-aka.warnermediacdn.com/cnn/v2/clips/2024-08/1624959-660a9f7da6184f88bc5fa1dc4de829cd/mp4/sunken-bayesian-superyacht-missing-bodies-recovery-nadeau-digvid-1624959-1920x1080_8000k.mp4,downloads/67fddfbfbb0e5e0a7c47fdce.mp4,Unknown,"Off the coast of Sicily, Italy.",-1,"[{""start"":""00:01"",""end"":""00:04"",""text_snippet"":"""",""location"":"""",""time_detail"":""""},{""start"":""00:12"",""end"":""00:14"",""text_snippet"":"""",""location"":"""",""time_detail"":""""},{""start"":""00:20"",""end"":""00:21"",""text_snippet"":"""",""location"":"""",""time_detail"":""""},{""start"":""00:33"",""end"":""00:35"",""text_snippet"":"""",""location"":"""",""time_detail"":""""}]"
67fddfbfbb0e5e0a7c47fdcf,Possible human remains discovered under farm near D-Day site could be American airmen,https://www.cnn.com/2024/06/05/us/video/d-day-wwii-us-airmen-normandy-possible-human-remains-rosales-tsr-digvid,"Jun 5, 2024","The head of a Defense POW/MIA Accounting Agency team working in Normandy says they have unearthed possible human remains that could belong to 3 US airmen who died during the June 6, 1944, D-Day invasion of France that signaled the beginning ...",cnn,true,true,https://vod-media-aka.warnermediacdn.com/cnn/v2/clips/2024-06/1558237-488fde90c57b46cfab851b567a9920a6/mp4/d-day-wwii-us-airmen-normandy-possible-human-remains-rosales-tsr-digvid-1558237-1920x1080_8000k.mp4,downloads/67fddfbfbb0e5e0a7c47fdcf.mp4,Unknown,"Normandy, France near Omaha Beach.",-1,"[{""start"":""00:56"",""end"":""01:01"",""text_snippet"":"""",""location"":""French farm"",""time_detail"":""""},{""start"":""01:09"",""end"":""01:14"",""text_snippet"":"""",""location"":"""",""time_detail"":""""},{""start"":""02:08"",""end"":""02:22"",""text_snippet"":"""",""location"":"""",""time_detail"":""""},{""start"":""02:28"",""end"":""02:30"",""text_snippet"":"""",""location"":"""",""time_detail"":""""}]"
67fddfbfbb0e5e0a7c47fdd0,Bodies found in Mexico confirmed to be missing surfers,https://www.cnn.com/2024/05/06/world/video/mexico-foreign-tourists-murder-piotrowski-nine-news-lkl-05061aseg2-cnni-world-fast,"May 6, 2024",Three bodies that were found in a well with gunshot wounds to the head have been confirmed to be the American and two Australian tourists that went missing last week. Alison Piotrowski of CNN affiliate Nine News reports.,cnn,true,true,https://vod-media-aka.warnermediacdn.com/cnn/v2/clips/2024-05/1530954-eab06975dfcc436a88473d7725199ceb/mp4/mexico-foreign-tourists-murder-piotrowski-nine-news-lkl-05061aseg2-cnni-world-fast-1530954-1920x1080_8000k.mp4,downloads/67fddfbfbb0e5e0a7c47fdd0.mp4,Unknown,Mexico,6,"[{""start"":""00:05"",""end"":""00:11"",""text_snippet"":"""",""location"":""Baja California"",""time_detail"":""""},{""start"":""00:42"",""end"":""00:46"",""text_snippet"":"""",""location"":""Ensenada"",""time_detail"":""""},{""start"":""01:03"",""end"":""01:08"",""text_snippet"":"""",""location"":""remote campsite"",""time_detail"":""""},{""start"":""00:47"",""end"":""00:52"",""text_snippet"":"""",""location"":"""",""time_detail"":""""}]"
67fddfbfbb0e5e0a7c47fdd1,Hear what Mexican official says about possible motive for death of the three surfers,https://www.cnn.com/2024/05/06/world/video/missing-australian-american-surfers-bodies-found-ovn-hnk-digvid,"May 5, 2024","Three bodies found dumped in a well with gunshot wounds to the head have been confirmed as missing tourists, including a US citizen, Mexican authorities said.",cnn,true,true,https://vod-media-aka.warnermediacdn.com/cnn/v2/clips/2024-05/1530928-bc76203b107c43bc9e0c35a0aaf1dcde/mp4/missing-australian-american-surfers-bodies-found-ovn-hnk-digvid-1530928-1920x1080_8000k.mp4,downloads/67fddfbfbb0e5e0a7c47fdd1.mp4,Unknown,Unknown,6,"[{""start"":""00:04"",""end"":""00:09"",""text_snippet"":"""",""location"":""Baja California"",""time_detail"":""""},{""start"":""00:39"",""end"":""00:47"",""text_snippet"":"""",""location"":"""",""time_detail"":""""},{""start"":""00:47"",""end"":""00:52"",""text_snippet"":"""",""location"":""about 80 kilometers (50 miles) south of Ensenada"",""time_detail"":""""}]"
67fddfc1bb0e5e0a7c47fdd2,"Mexican authorities confirm recovery of three bodies, forensic examination ongoing",https://www.cnn.com/2024/05/05/world/video/mexico-missing-surfers-bodies-pozzebon-lkl-cnni-05051aseg1-world-fast,"May 5, 2024",Mexican authorities have confirmed the recovery of three bodies from a cliff south of the city of Ensenada. They have not confirmed whether the bodies are linked to the missing Australians and American. CNN’s Stefano Pozzebon reports.,cnn,true,true,https://vod-media-aka.warnermediacdn.com/cnn/v2/clips/2024-05/1530426-f8a47775375d495398afa1975d657d6c/mp4/mexico-missing-surfers-bodies-pozzebon-lkl-cnni-05051aseg1-world-fast-1530426-1920x1080_8000k.mp4,downloads/67fddfc1bb0e5e0a7c47fdd2.mp4,Unknown,"Ensenada, Mexico",-1,"[{""start"":""00:00"",""end"":""00:06"",""text_snippet"":"""",""location"":"""",""time_detail"":""""},{""start"":""00:31"",""end"":""00:36"",""text_snippet"":"""",""location"":"""",""time_detail"":""""},{""start"":""00:43"",""end"":""00:49"",""text_snippet"":"""",""location"":"""",""time_detail"":""""}]"
67fddfc1bb0e5e0a7c47fdd3,Bodies found in Mexico after 3 surfers go missing,https://www.cnn.com/2024/05/04/world/video/three-bodies-found-mexico-american-australian-intl-digvid,"May 4, 2024","Three bodies were found Friday in the Mexican region where an American and two Australians have been missing for several days, multiple sources told CNN.Authorities haven’t confirmed if the bodies correspond to the three missing tourists, a source ...",cnn,true,true,https://vod-media-aka.warnermediacdn.com/cnn/v2/clips/2024-05/1529992-e03afce626594112b71e5291b85f60db/mp4/three-bodies-found-mexico-american-australian-intl-digvid-1529992-1920x1080_8000k.mp4,downloads/67fddfc1bb0e5e0a7c47fdd3.mp4,Unknown,Mexico,6,"[{""start"":""00:00"",""end"":""00:04"",""text_snippet"":"""",""location"":"""",""time_detail"":""""},{""start"":""00:45"",""end"":""00:51"",""text_snippet"":"""",""location"":"""",""time_detail"":""""},{""start"":""01:03"",""end"":""01:07"",""text_snippet"":"""",""location"":"""",""time_detail"":""""}]"
67fddfc1bb0e5e0a7c47fdd4,Almost 400 bodies found in mass graves at Gaza hospital,https://www.cnn.com/2024/04/26/world/video/ctw-mass-graves-in-gaza-lynda-kinkade-jeremy-diamond-live-042609aseg1-cnni-world-fast,"Apr 26, 2024","“That’s my son,” a Palestinian man said as he was identifying his 15-year-old son’s decomposed body in a mass grave near a Gaza hospital, Jeremy Diamond reports",cnn,true,true,https://vod-media-aka.warnermediacdn.com/cnn/v2/clips/2024-04/1522631-ce53a3b39e0048e8ab846e97bfc5ae6c/mp4/ctw-mass-graves-in-gaza-lynda-kinkade-jeremy-diamond-live-042609aseg1-cnni-world-fast-1522631-1920x1080_8000k.mp4,downloads/67fddfc1bb0e5e0a7c47fdd4.mp4,Unknown,Gaza near a hospital.,1,"[{""start"":""00:00"",""end"":""00:05"",""text_snippet"":"""",""location"":""Nasser Hospital, Hanyuniz"",""time_detail"":""""},{""start"":""00:11"",""end"":""00:17"",""text_snippet"":"""",""location"":""mass graves (3)"",""time_detail"":""""},{""start"":""00:50"",""end"":""01:02"",""text_snippet"":"""",""location"":""Nasser Hospital"",""time_detail"":""""},{""start"":""01:12"",""end"":""01:16"",""text_snippet"":"""",""location"":""Nasser Hospital"",""time_detail"":""""},{""start"":""01:27"",""end"":""01:32"",""text_snippet"":"""",""location"":""mass graves (3)"",""time_detail"":""""},{""start"":""02:05"",""end"":""02:11"",""text_snippet"":"""",""location"":""mass graves (3)"",""time_detail"":""""},{""start"":""03:28"",""end"":""03:34"",""text_snippet"":"""",""location"":""Gaza, Rafa"",""time_detail"":""""}]"
67fddfc1bb0e5e0a7c47fdd5,Dozens more bodies found in mass grave in Khan Younis,https://www.cnn.com/2024/04/24/world/video/khan-younis-grave-robertson-live-042302pseg1-cnni-world-fast,"Apr 24, 2024",Palestinian recovery workers say they’ve recovered dozens more bodies from a mass grave at a medical complex in Gaza. Nic Robertson reports.,cnn,true,true,https://vod-media-aka.warnermediacdn.com/cnn/v2/clips/2024-04/1520251-f463ada18d914c05b5922f9cc76d0813/mp4/khan-younis-grave-robertson-live-042302pseg1-cnni-world-fast-1520251-1920x1080_8000k.mp4,downloads/67fddfc1bb0e5e0a7c47fdd5.mp4,Unknown,"Khan Younis, Gaza Strip",1,"[{""start"":""00:20"",""end"":""00:23"",""text_snippet"":"""",""location"":""Onasah hospital"",""time_detail"":""""},{""start"":""00:33"",""end"":""00:37"",""text_snippet"":"""",""location"":""Gaza"",""time_detail"":""""},{""start"":""01:08"",""end"":""01:14"",""text_snippet"":"""",""location"":"""",""time_detail"":""""},{""start"":""00:53"",""end"":""01:57"",""text_snippet"":"""",""location"":""Han Unis"",""time_detail"":""""}]"
67fddfc1bb0e5e0a7c47fdd6,Gaza Civil Defense: Nearly 300 Bodies Found in Mass Grave,https://www.cnn.com/2024/04/22/world/video/nada-khan-younis-hospital-pkg-042202pseg2-cnni-world,"Apr 22, 2024","Nada Bashir reports on the discovery of a mass grave where nearly 300 bodies were found in the Nasser Medical Complex in Khan Younis, Gaza.",cnn,true,true,https://vod-media-aka.warnermediacdn.com/cnn/v2/clips/2024-04/1518461-f523bad4e66149acb29c9bdfbdb44190/mp4/nada-khan-younis-hospital-pkg-042202pseg2-cnni-world-1518461-1920x1080_8000k.mp4,downloads/67fddfc1bb0e5e0a7c47fdd6.mp4,Unknown,"Khan Younis, Gaza",1,"[{""start"":""00:28"",""end"":""00:33"",""text_snippet"":"""",""location"":""Nasr Hospital"",""time_detail"":""""},{""start"":""00:41"",""end"":""00:47"",""text_snippet"":"""",""location"":""Hanyunas"",""time_detail"":""""},{""start"":""01:09"",""end"":""01:13"",""text_snippet"":"""",""location"":"""",""time_detail"":""""},{""start"":""01:13"",""end"":""01:18"",""text_snippet"":"""",""location"":""hospital grounds (Nasr Hospital)"",""time_detail"":""""},{""start"":""01:45"",""end"":""01:49"",""text_snippet"":"""",""location"":"""",""time_detail"":""""},{""start"":""02:01"",""end"":""02:03"",""text_snippet"":"""",""location"":"""",""time_detail"":""""}]"
67fddfc1bb0e5e0a7c47fdd7,Families allege bodies of inmates returned without organs,https://www.cnn.com/videos/us/2024/04/18/alabama-inmates-missing-organs-rosales-newsnight-digvid.cnn,"Apr 17, 2024",Families of Alabama inmates are outraged after receiving their loved ones’ bodies back for burial without their organs. CNN’s Isabel Rosales investigates.,cnn,true,false,,,Unknown,Alabama,-1,null
67fddfc1bb0e5e0a7c47fdd8,Official reveals how 2 bodies were discovered in rural Oklahoma,https://www.cnn.com/2024/04/16/us/video/oklahoma-official-two-bodies-discovered-affil-digvid,"Apr 16, 2024",Oklahoma State Bureau of Investigation spokesperson Hunter McKee describes how officials were led to the discovery of two bodies in rural.,cnn,true,true,https://vod-media-aka.warnermediacdn.com/cnn/v2/clips/2024-04/1510737-b082fb094450440dadd3b4907f95866f/mp4/oklahoma-official-two-bodies-discovered-affil-digvid-1510737-1920x1080_8000k.mp4,downloads/67fddfc1bb0e5e0a7c47fdd8.mp4,Unknown,Rural Oklahoma,-1,"[{""start"":""00:25"",""end"":""00:31"",""text_snippet"":"""",""location"":"""",""time_detail"":""""},{""start"":""00:31"",""end"":""00:42"",""text_snippet"":"""",""location"":"""",""time_detail"":""""}]"
67fddfc1bb0e5e0a7c47fdd9,Blood-drained body of woman found in abandoned church in Italy,https://www.cnn.com/2024/04/10/world/video/italy-vampire-death-barbie-nadeau-live-041009aseg02-cnni-world-fast,"Apr 10, 2024",A young French woman was found dead in an abandoned church with the blood drained from her body. CNN reporter Barbie Nadeau reports from Rome.,cnn,true,true,https://vod-media-aka.warnermediacdn.com/cnn/v2/clips/2024-04/1504047-90a2025af9f24f74a13d5790e5712705/mp4/italy-vampire-death-barbie-nadeau-live-041009aseg02-cnni-world-fast-1504047-1920x1080_8000k.mp4,downloads/67fddfc1bb0e5e0a7c47fdd9.mp4,Unknown,"Italy, near Rome (or more specifically) Abandoned church, Italy",-1,"[{""start"":""00:00"",""end"":""00:09"",""text_snippet"":"""",""location"":""an abandoned church"",""time_detail"":""""},{""start"":""00:31"",""end"":""00:35"",""text_snippet"":"""",""location"":""a de-consecrated church, north of Italy"",""time_detail"":""""},{""start"":""00:36"",""end"":""00:38"",""text_snippet"":"""",""location"":"""",""time_detail"":""""},{""start"":""00:47"",""end"":""00:51"",""text_snippet"":"""",""location"":""the crime scene"",""time_detail"":""""}]"
67fddfc1bb0e5e0a7c47fdda,Police reveal how worker found Riley Strain's body,https://www.cnn.com/videos/us/2024/03/22/body-of-riley-strain-discovered-wtvf-sot-vpx.wtvf,"Mar 22, 2024","The body of Riley Strain, a University of Missouri student who went missing after leaving a downtown Nashville bar earlier this month, was discovered in a river according to Metro Nashville Police Department Police Chief John Drake.",cnn,true,true,https://clips-media-aka.warnermediacdn.com/cnn/clips/2024-03/1486389-bcbac83df2e34acfa8670d92c98e2938/mp4/cms3-CNN-body-of-riley-strain-discovered-wtvf-sot-vpx-primary-354182-1486389-1920x1080_8000k.mp4,downloads/67fddfc1bb0e5e0a7c47fdda.mp4,Riley Strain,"Nashville, Tennessee",-1,"[{""start"":""00:36"",""end"":""00:43"",""text_snippet"":"""",""location"":""Cumberland River"",""time_detail"":""""},{""start"":""01:06"",""end"":""01:11"",""text_snippet"":"""",""location"":""Cumberland River"",""time_detail"":""""}]"
67fddfc1bb0e5e0a7c47fddb,Australian police find bodies in search for missing couple,https://www.cnn.com/videos/world/2024/02/27/australian-couple-search-bodies-found-affil-pkg-vpx.nine-news,"Feb 27, 2024",Australian police have found two bodies in the search for a missing couple allegedly killed by a police officer. CNN’s affiliate Nine News reports.,cnn,true,true,https://clips-media-aka.warnermediacdn.com/cnn/clips/2024-02/1462532-8d48eec6d27d4bb3b3aa350d67759f60/mp4/cms3-CNN-australian-couple-search-bodies-found-affil-pkg-vpx-primary-348467-1462532-1920x1080_8000k.mp4,downloads/67fddfc1bb0e5e0a7c47fddb.mp4,Unknown,Unknown,-1,"[{""start"":""00:32"",""end"":""00:35"",""text_snippet"":"""",""location"":""Bungonia"",""time_detail"":""""},{""start"":""02:04"",""end"":""02:09"",""text_snippet"":"""",""location"":""Hazelden Road, a dam on a property"",""time_detail"":""""},{""start"":""02:10"",""end"":""02:15"",""text_snippet"":"""",""location"":""Jarrara Road, a farm (fence line)"",""time_detail"":""""},{""start"":""02:21"",""end"":""02:23"",""text_snippet"":"""",""location"":""Jarrara Road"",""time_detail"":""""},{""start"":""01:29"",""end"":""01:33"",""text_snippet"":"""",""location"":"""",""time_detail"":""""},{""start"":""02:26"",""end"":""02:33"",""text_snippet"":"""",""location"":"""",""time_detail"":""""}]"
67fddfc3bb0e5e0a7c47fddc,'Perplexing scene': Bodies found in car believed to be missing pregnant woman and boyfriend,https://www.cnn.com/videos/us/2023/12/28/texas-missing-teen-pregnant-affil-pkg-hnk-vpx.ksat,"Dec 28, 2023","The bodies of missing Texas teen Savannah Soto and her boyfriend Matthew Guerra may have been found inside a car parked near an apartment complex in San Antonio, Texas, according to police. CNN’s affiliate KSAT has more.",cnn,true,true,https://clips-media-aka.warnermediacdn.com/cnn/clips/2023-12/1405587-3333e7491dbd47aabffd763c3cb737c8/mp4/cms3-CNN-texas-missing-teen-pregnant-affil-pkg-hnk-vpx-primary-332819-1405587-1920x1080_8000k.mp4,downloads/67fddfc3bb0e5e0a7c47fddc.mp4,"Savannah Soto, Matthew Guerra","San Antonio, Texas",-1,"[{""start"":""00:05"",""end"":""00:11"",""text_snippet"":"""",""location"":""apartment complex on the 5,900 block of Danny K. Drive"",""time_detail"":""""},{""start"":""00:48"",""end"":""00:55"",""text_snippet"":"""",""location"":"""",""time_detail"":""""},{""start"":""01:03"",""end"":""01:07"",""text_snippet"":"""",""location"":"""",""time_detail"":""""},{""start"":""01:12"",""end"":""01:17"",""text_snippet"":"""",""location"":""car"",""time_detail"":""""}]"
67fddfc3bb0e5e0a7c47fddd,Son of Hollywood agent arrested after woman's body part found in dumpster,https://www.cnn.com/videos/us/2023/11/12/hollywood-agent-son-body-found-camila-bernal-nr-vpx.cnn,"Nov 13, 2023","The search continues for a missing woman and her parents after her husband, Samuel Haskell, was arrested on suspicion of murder when police tracked a body part found in a dumpster back to their Los Angeles area home, authorities said.",cnn,true,true,https://clips-media-aka.warnermediacdn.com/cnn/clips/2023-11/1365829-10c11e40b83b4785b24a08102cc60fa5/mp4/cms3-CNN-hollywood-agent-son-body-found-camila-bernal-nr-vpx-primary-321785-1365829-1920x1080_8000k.mp4,downloads/67fddfc3bb0e5e0a7c47fddd.mp4,Unknown,"Los Angeles, California",-1,"[{""start"":""00:12"",""end"":""00:20"",""text_snippet"":"""",""location"":""dumpster bins"",""time_detail"":""""},{""start"":""01:26"",""end"":""01:33"",""text_snippet"":"""",""location"":""the house"",""time_detail"":""""},{""start"":""00:44"",""end"":""00:50"",""text_snippet"":"""",""location"":"""",""time_detail"":""""}]"
67fddfc3bb0e5e0a7c47fdde,True appearance of the oldest human mummy found intact revealed,https://www.cnn.com/videos/world/2023/08/21/exp-tzi-iceman-oldest-human-mummy-michael-holmes-pkg-082101aseg3-cnni-world.cnn,"Aug 21, 2023",The latest DNA technology has helped scientists uncover more information about what is considered to be the oldest human mummy found intact. They say “Ötzi the Iceman” was dark-skinned and likely balding. Michael Holmes reports.,cnn,true,false,,,Ötzi,"Unknown (Note: This article is not about a missing person or body found, but rather an ancient mummy)",-1,null
67fddfc3bb0e5e0a7c47fddf,28 bodies found near U.S. border,https://www.cnn.com/videos/tv/2023/07/21/exp-mexico-bodies-cnni-world.cnn,"Jul 21, 2023",Mexican officials say they’re investigating after 28 bodies were found in hidden graves near the U.S. border this week.,cnn,true,true,https://clips-media-aka.warnermediacdn.com/cnn/clips/2023-07/1251637-232d9c4075a844de87f000d6c10f1026/mp4/cms3-CNN-exp-mexico-bodies-cnni-world-primary-291230-1251637-1920x1080_8000k.mp4,downloads/67fddfc3bb0e5e0a7c47fddf.mp4,Unknown,"Unknown (Note: The article only mentions ""near the U.S. border"", but does not specify a particular location along the border)",-1,"[{""start"":""00:00"",""end"":""00:05"",""text_snippet"":"""",""location"":""Renoso"",""time_detail"":""""},{""start"":""01:02"",""end"":""01:08"",""text_snippet"":"""",""location"":""Renosa, near Hidalgo"",""time_detail"":""""},{""start"":""00:37"",""end"":""00:42"",""text_snippet"":"""",""location"":""Tamolipa"",""time_detail"":""""},{""start"":""01:14"",""end"":""01:21"",""text_snippet"":"""",""location"":"""",""time_detail"":""""}]"
67fddfc3bb0e5e0a7c47fde0,A mass grave said to contain 87 bodies discovered in Sudan's West Darfur,https://www.cnn.com/videos/world/2023/07/13/exp-darfur-mass-graves-071310aseg2-cnni-world.cnn,"Jul 13, 2023",As international entities continue their attempts to bring peace to war-torn Sudan – a mass grave said to contain at least 87 people has been discovered in West Darfur.,cnn,true,true,https://clips-media-aka.warnermediacdn.com/cnn/clips/2023-07/1242130-b0f493cccbbd495c8281f308c26b65d6/mp4/cms3-CNN-exp-darfur-mass-graves-071310aseg2-cnni-world-primary-288902-1242130-1920x1080_8000k.mp4,downloads/67fddfc3bb0e5e0a7c47fde0.mp4,Unknown,"West Darfur, Sudan",-1,"[{""start"":""00:00"",""end"":""00:06"",""text_snippet"":"""",""location"":""Sudan's West Star Four"",""time_detail"":""""},{""start"":""00:06"",""end"":""00:11"",""text_snippet"":"""",""location"":""Sudan's West Star Four"",""time_detail"":""""},{""start"":""03:18"",""end"":""03:26"",""text_snippet"":"""",""location"":""Darfur"",""time_detail"":""""}]"
67fddfc3bb0e5e0a7c47fde1,Hundreds of bodies found in forest linked to starvation cult,https://www.cnn.com/videos/world/2023/06/19/starvation-cult-kenya-followers-mckenzie-intl-vpx.cnn,"Jun 19, 2023",Hundreds of bodies have been found in a Kenyan forest as part of an investigation into a religious cult that pushed its members to starve themselves.  CNN’s David McKenzie reports.,cnn,true,true,https://clips-media-aka.warnermediacdn.com/cnn/clips/2023-06/1214692-2588594972db44e1aa3b9a76f2ad07de/mp4/cms3-CNN-starvation-cult-kenya-followers-mckenzie-intl-vpx-primary-282148-1214692-1920x1080_8000k.mp4,downloads/67fddfc3bb0e5e0a7c47fde1.mp4,Unknown,Kenya,-1,"[{""start"":""00:00"",""end"":""00:05"",""text_snippet"":"""",""location"":""Kenyan forest"",""time_detail"":""""},{""start"":""00:40"",""end"":""00:45"",""text_snippet"":"""",""location"":""Shakahola forest"",""time_detail"":""""},{""start"":""00:50"",""end"":""00:52"",""text_snippet"":"""",""location"":""Shallow graves in Shakahola forest"",""time_detail"":""""},{""start"":""03:20"",""end"":""03:25"",""text_snippet"":"""",""location"":"""",""time_detail"":""""},{""start"":""04:09"",""end"":""04:11"",""text_snippet"":"""",""location"":""Shakahola forest"",""time_detail"":""""},{""start"":""05:01"",""end"":""05:05"",""text_snippet"":"""",""location"":""Shakahola forest"",""time_detail"":""""},{""start"":""05:11"",""end"":""05:13"",""text_snippet"":"""",""location"":"""",""time_detail"":""""}]"
67fddfc3bb0e5e0a7c47fde2,Woman presumed dead shocks family when she's found alive at her own wake,https://www.cnn.com/videos/world/2023/06/13/ecuador-woman-found-alive-in-coffin-cprog-orig-ht.cnn,"Jun 13, 2023",A 76-year-old woman who was declared dead at an Ecuador hospital was found alive and knocking on her coffin at her own wake.,cnn,true,false,,,Unknown,Unknown,-1,null
67fddfc3bb0e5e0a7c47fde3,'That just died': Paleoanthropologist debunks myth about humans,https://www.cnn.com/videos/world/2023/06/07/lee-berger-homo-naledi-bury-dead-rising-star-caves-cprog-cnntm-vpx.cnn,"Jun 7, 2023",Paleoanthropologist Dr. Lee Berger and his team of “underground astronauts” have uncovered evidence that members of a mysterious archaic human species buried their dead and carved symbols on cave walls long before the earliest evidence of ...,cnn,true,false,,,Unknown,Unknown,-1,null
67fddfc3bb0e5e0a7c47fde4,Police think bags of human body parts are missing office workers,https://www.cnn.com/videos/world/2023/06/02/mexico-human-body-parts-found-45-bags-oppman-dnt-lead-vpx.cnn,"Jun 3, 2023","Forty-five bags containing human remains with characteristics matching seven missing call center staff have been discovered in a ravine in a suburb of Guadalajara, Mexico, according to the state prosecutor’s office in Jalisco. CNN’s Patrick Oppman ...",cnn,true,true,https://clips-media-aka.warnermediacdn.com/cnn/clips/2023-06/1196593-b59872a6ddfe446d8fec65440d3cf493/mp4/cms3-CNN-mexico-human-body-parts-found-45-bags-oppman-dnt-lead-vpx-primary-277738-1196593-1920x1080_8000k.mp4,downloads/67fddfc3bb0e5e0a7c47fde4.mp4,Unknown,"Guadalajara, Mexico",-1,"[{""start"":""00:00"",""end"":""00:03"",""text_snippet"":"""",""location"":""ravine"",""time_detail"":""""},{""start"":""00:10"",""end"":""00:15"",""text_snippet"":"""",""location"":""outside Guadalajara, Mexico"",""time_detail"":""""},{""start"":""01:42"",""end"":""01:43"",""text_snippet"":"""",""location"":"""",""time_detail"":""""},{""start"":""00:42"",""end"":""00:47"",""text_snippet"":"""",""location"":""call center in Guadalajara"",""time_detail"":""""},{""start"":""01:57"",""end"":""02:00"",""text_snippet"":"""",""location"":"""",""time_detail"":""""},{""start"":""01:29"",""end"":""01:33"",""text_snippet"":"""",""location"":""call center"",""time_detail"":""""},{""start"":""02:00"",""end"":""02:05"",""text_snippet"":"""",""location"":""Halesco state"",""time_detail"":""""}]"
67fddfc3bb0e5e0a7c47fde5,See why people are flocking to see body of nun 4 years after her burial,https://www.cnn.com/videos/us/2023/05/30/body-of-nun-well-preserved-after-death-mwrmx-vpx.cnn,"May 29, 2023","Hundreds of people have traveled to a monastery in rural Missouri to view a nun’s body which appears to show no signs of decay approximately four years after her death, according to the Catholic News Agency. Kelsey Wicks of EWTN news ...",cnn,true,false,,,Unknown,"Richland County, Missouri",-1,null
67fddfc5bb0e5e0a7c47fde6,'I'm lost': Father mourns teenage daughter after 7 bodies found,https://www.cnn.com/videos/us/2023/05/02/seven-bodies-found-oklahoma-teenage-girls-pkg-affil-ldn-vpx.kjrh,"May 2, 2023","Two missing teenage girls are believed to be among seven bodies found at a home of a registered sex offender in Henryetta, Oklahoma. Members of their families spoke to CNN affiliate KRJH.",cnn,true,true,https://clips-media-aka.warnermediacdn.com/cnn/clips/2023-05/1160002-15c84277835c48a6bd426280e0dd7437/mp4/cms3-CNN-seven-bodies-found-oklahoma-teenage-girls-pkg-affil-ldn-vpx-primary-268044-1160002-1920x1080_8000k.mp4,downloads/67fddfc5bb0e5e0a7c47fde6.mp4,Unknown,"Henryetta, Oklahoma",-1,"[{""start"":""00:21"",""end"":""00:29"",""text_snippet"":"""",""location"":""Henrietta"",""time_detail"":""""},{""start"":""00:35"",""end"":""00:38"",""text_snippet"":"""",""location"":"""",""time_detail"":""""},{""start"":""00:38"",""end"":""00:44"",""text_snippet"":"""",""location"":"""",""time_detail"":""""},{""start"":""00:52"",""end"":""00:58"",""text_snippet"":"""",""location"":"""",""time_detail"":""""}]"
67fddfc5bb0e5e0a7c47fde7,Officials find pieces of model's dismembered body in soup pot,https://www.cnn.com/videos/world/2023/02/27/hong-kong-model-abby-choi-murdered-skull-remains-found-ex-husband-in-laws-court-jiang-ovn-intl-ldn-vpx.cnn,"Feb 27, 2023","Four members of the same family were charged in connection with the killing of Hong Kong model Abby Choi after police say they found what are believed to be parts of her dismembered body, public broadcaster RTHK reported. CNN’s Kristie Lu Stout ...",cnn,true,true,https://clips-media-aka.warnermediacdn.com/cnn/clips/2023-02/1084699-a36f2abc5dbd4d3c9094a060501403d2/mp4/cms3-CNN-hong-kong-model-abby-choi-murdered-skull-remains-found-ex-husband-in-laws-court-jiang-ovn-intl-ldn-vpx-primary-250031-1084699-1920x1080_8000k.mp4,downloads/67fddfc5bb0e5e0a7c47fde7.mp4,Abby Choi,Hong Kong,-1,"[{""start"":""00:12"",""end"":""00:14"",""text_snippet"":"""",""location"":"""",""time_detail"":""""},{""start"":""00:45"",""end"":""00:50"",""text_snippet"":"""",""location"":""northern typo district of Hong Kong"",""time_detail"":""""},{""start"":""00:52"",""end"":""01:01"",""text_snippet"":"""",""location"":"""",""time_detail"":""""},{""start"":""02:06"",""end"":""02:09"",""text_snippet"":"""",""location"":""Tsinghua, no. (area of search)"",""time_detail"":""""}]"
67fddfc5bb0e5e0a7c47fde8,"As water levels drop at this major lake, bodies begin to appear",https://www.cnn.com/2022/12/15/us/video/lake-mead-bodies-remains-discovery-investigation-contd-orig-jk-mg,"Dec 16, 2022","As water levels continues to recede at Lake Mead, more human remains continue to be discovered. This investigator explains why he is sure more bodies will be found in America’s largest reservoir.",cnn,true,true,https://clips-media-aka.warnermediacdn.com/cnn/clips/2022-12/999419-7ae04086bdd94ba59c5bc54923603881/mp4/cms3-CNN-lake-mead-bodies-remains-discovery-investigation-contd-orig-jk-mg-primary-234270-999414-1920x1080_8000k.mp4,downloads/67fddfc5bb0e5e0a7c47fde8.mp4,Unknown,"Lake Mead, Nevada/Arizona border area",-1,"[{""start"":""00:13"",""end"":""00:17"",""text_snippet"":"""",""location"":"""",""time_detail"":""""},{""start"":""00:17"",""end"":""00:20"",""text_snippet"":"""",""location"":""Heminway Harbor"",""time_detail"":""""},{""start"":""00:20"",""end"":""00:24"",""text_snippet"":"""",""location"":""Lake Maid"",""time_detail"":""""},{""start"":""00:27"",""end"":""00:30"",""text_snippet"":"""",""location"":"""",""time_detail"":""""},{""start"":""00:32"",""end"":""00:42"",""text_snippet"":"""",""location"":""bottom of Lake Mead"",""time_detail"":""""},{""start"":""00:56"",""end"":""01:03"",""text_snippet"":"""",""location"":"""",""time_detail"":""""},{""start"":""01:55"",""end"":""02:00"",""text_snippet"":"""",""location"":""bottom of Lake Mead"",""time_detail"":""""},{""start"":""02:21"",""end"":""02:26"",""text_snippet"":"""",""location"":""Lake Mead"",""time_detail"":""""},{""start"":""03:00"",""end"":""03:02"",""text_snippet"":"""",""location"":"""",""time_detail"":""""},{""start"":""03:14"",""end"":""03:15"",""text_snippet"":"""",""location"":"""",""time_detail"":""""}]"
67fddfc5bb0e5e0a7c47fde9,"Amateur fossil hunters find 19-foot-tall, 100 million-year-old skeleton",https://www.cnn.com/videos/travel/2022/12/07/plesiosaur-fossil-discovery-australia-lon-orig-cprog-bb.cnn,"Dec 8, 2022","Amateur paleontologists in Queensland, Australia uncovered a rare,100 million-year-old marine reptile’s skeleton that could provide vital clues about prehistoric life.",cnn,true,false,,,Unknown,"Queensland, Australia",0,null
67fddfc5bb0e5e0a7c47fdea,New marine life uncovered at bottom of sea floor,https://www.cnn.com/videos/world/2022/11/15/new-species-discovered-at-bottom-of-sea-floor-cprog-orig-jc.cnn,"Nov 15, 2022",Scientists from Australia’s Museums Victoria Research Institute have discovered new deep-sea creatures while exploring the depths of the Indian Ocean.,cnn,true,false,,,Unknown,Unknown,-1,null
67fddfc5bb0e5e0a7c47fdeb,Police chief explains how they found missing California woman,https://www.cnn.com/videos/us/2022/10/11/missing-california-woman-body-found-cliff-contd-vpx.kmph,"Oct 11, 2022","Jolissa Fuentes, a Fresno County, California, woman last seen more than two months ago, was found dead inside her crashed car at the bottom of a cliff in the Sierra Nevada foothills, officials said. Selma Police Chief Rudy Alcaraz describes what ...",cnn,true,true,https://clips-media-aka.warnermediacdn.com/cnn/clips/2022-10/932269-e182e97129f64387bc0562aa494c19f8/mp4/cms3-CNN-missing-california-woman-body-found-cliff-contd-vpx-primary-219897-932267-1920x1080_8000k.mp4,downloads/67fddfc5bb0e5e0a7c47fdeb.mp4,Jolissa Fuentes,"Sierra Nevada foothills near Selma, California",-1,"[{""start"":""00:22"",""end"":""00:26"",""text_snippet"":"""",""location"":""Pine Flat Lake"",""time_detail"":""""},{""start"":""00:26"",""end"":""00:43"",""text_snippet"":"""",""location"":""Pine Flat Lake"",""time_detail"":""""},{""start"":""01:08"",""end"":""01:19"",""text_snippet"":"""",""location"":""Trimmer Springs Road (near Pine Flat Lake)"",""time_detail"":""""}]"
67fddfc5bb0e5e0a7c47fdec,Gen-Z horror comedy 'Bodies Bodies Bodies',https://www.cnn.com/videos/entertainment/2022/08/11/bodies-bodies-bodies-movies-gen-z-murder-mystery.cnn,"Aug 11, 2022",A hurricane house party reveals hidden grudges and devolves into paranoia in the darkly comic murder mystery. David Daniel talks with the director and stars.,cnn,true,false,,,Unknown,Unknown,-1,null
67fddfc5bb0e5e0a7c47fded,Missing Florida mother's body found in Alabama,https://www.cnn.com/videos/us/2022/04/04/missing-florida-mom-cassie-carli-body-found-in-alabama-affil-dnt-vpx.wala,"Apr 4, 2022","Police have discovered the body of missing Florida woman Cassie Carli in a “shallow grave” in Alabama, the Santa Rosa County, Florida, sheriff said Sunday. CNN affiliate WALA reports.",cnn,true,true,,downloads/67fddfc5bb0e5e0a7c47fded.mp4,Cassie Carli,"Orange Beach, Alabama",11,null
67fddfc5bb0e5e0a7c47fdee,See where 6-year-old was found after missing for 2 years,https://www.cnn.com/videos/us/2022/02/17/ny-missing-girl-discovered-marquez-pkg-ldn-vpx.cnn,"Feb 17, 2022","Paislee Joann Shultis was reported missing in 2019 when she was 4 years old. Now 6, she has been found hidden under a wooden staircase with her noncustodial mother, according to authorities. CNN’s Miguel Marquez reports.",cnn,true,true,,downloads/67fddfc5bb0e5e0a7c47fdee.mp4,Paislee Joann Shultis,Unknown,-1,null
67fddfc5bb0e5e0a7c47fdef,See the massive fossil being excavated in UK reservoir,https://www.cnn.com/videos/world/2022/01/11/uk-ichthyosaur-sea-dragon-fossil-tgb-intl-hnk-vpx.cnn,"Jan 11, 2022",The colossal 180 million-year-old fossilized remains of an ichthyosaur have been found in the UK in what researchers have described as one of the most significant discoveries in the region. CNN’s Bianca Nobilo reports.,cnn,true,false,,,Unknown,Unknown,0,null
67fddfc7bb0e5e0a7c47fdf0,40-year-old human remains identified as ex-O'Jays guitarist,https://www.cnn.com/videos/entertainment/2021/12/15/frank-frankie-little-o-jays-remains-found-mxp-vpx-sot.hln,"Dec 15, 2021","Police say partial human remains found in a garbage bag nearly 40 years ago have been identified as belonging to Frank “Frankie” Little Jr, a member of the R&B band The O’Jays.",cnn,true,true,,downloads/67fddfc7bb0e5e0a7c47fdf0.mp4,"Frank ""Frankie"" Little Jr.","Philadelphia, Pennsylvania",-1,null
67fddfc7bb0e5e0a7c47fdf1,Car with suspected human remains found in creek after 45 years,https://www.cnn.com/videos/us/2021/12/09/missing-college-student-car-found-45-years-sot-vpx.wsb,"Dec 8, 2021","Authorities searching for a Georgia college student who’s been missing for more than 45 years found his car in an Alabama creek – along with his wallet, ID card and suspected human remains.",cnn,true,true,,downloads/67fddfc7bb0e5e0a7c47fdf1.mp4,Unknown,"Auburn Creek, Alabama",-1,null
67fddfc7bb0e5e0a7c47fdf2,Ex-FBI deputy director explains why notebook found is important,https://www.cnn.com/videos/us/2021/10/20/brian-laundrie-search-human-remains-found-gabby-petito-jordan-lead-vpx.cnn,"Oct 21, 2021",The FBI announced they have found human remains of Brian Laundrie along with his personal items.,cnn,true,true,,downloads/67fddfc7bb0e5e0a7c47fdf2.mp4,Brian Laundrie,"Carter Park, Florida",8,null
67fddfc7bb0e5e0a7c47fdf3,New details of what was found with remains of Brian Laundrie,https://www.cnn.com/videos/us/2021/10/21/brian-laundrie-remains-florida-fbi-gabby-petito-vpx.cnn,"Oct 21, 2021","The FBI’s Denver office said that remains found in a Florida nature reserve are those of Brian Laundrie, the man who went missing last month. The FBI said dental records confirmed the identification. CNN’s Randi Kaye reports.",cnn,true,false,,,Brian Laundrie,"Ft. DeSoto Park, Florida",8,null
67fddfc7bb0e5e0a7c47fdf4,FBI: Apparent human remains found in search for Brian Laundrie,https://www.cnn.com/videos/us/2021/10/20/brian-laundrie-search-gabby-petito-vpx.cnn,"Oct 20, 2021","What appears to be human remains and items belonging to Brian Laundrie, including a backpack, have been found in a nature reserve in North Port, Florida, according to FBI Special Agent in Charge Michael McPherson.",cnn,true,true,https://clips-media-aka.warnermediacdn.com/cnn/clips/2021-10/491455-789ccf4c78904cdca32e2e71d4965f95/mp4/cms3-CNN-brian-laundrie-search-gabby-petito-vpx-primary-135536-491455-1920x1080_8000k.mp4,downloads/67fddfc7bb0e5e0a7c47fdf4.mp4,Brian Laundrie,"North Port, Florida",8,"[{""start"":""00:16"",""end"":""00:27"",""text_snippet"":"""",""location"":""Carlton Reserve"",""time_detail"":""""},{""start"":""01:03"",""end"":""01:08"",""text_snippet"":"""",""location"":""Carlton Reserve"",""time_detail"":""""}]"
67fddfc7bb0e5e0a7c47fdf5,Human remains found consistent with description of Gabby Petito,https://www.cnn.com/videos/us/2021/09/19/human-remains-found-fbi-gabby-petito-wyoming-sot-vpx.cnn,"Sep 19, 2021","Human remains discovered in Teton County, Wyoming, are “consistent with the description of” missing 22-year-old Gabby Petito, FBI officials said in a news conference.",cnn,true,true,,downloads/67fddfc7bb0e5e0a7c47fdf5.mp4,Gabby Petito,"Teton County, Wyoming.",7,null
67fddfc7bb0e5e0a7c47fdf6,"Skeleton found in Pompeii is so well-preserved, it still has hair",https://www.cnn.com/videos/world/2021/08/18/skeleton-pompeii-orig-jk.cnn,"Aug 18, 2021",Archaeologists in Pompeii have discovered an extremely well-preserved skeleton of a man who lived just decades before Pompeii was destroyed.,cnn,true,false,,,Unknown,"Pompeii, Italy",-1,null
67fddfc7bb0e5e0a7c47fdf7,Human remains found at Chad Daybell's Idaho home (2020),https://www.cnn.com/videos/us/2020/06/09/chad-daybell-lori-vallow-human-remains-police-sot-vpx.kifi-kidk,"Jun 9, 2021","Chad Daybell has been taken into custody after human remains were found on his Idaho property, Rexburg Police said at a news conference.",cnn,true,true,https://clips-media-aka.warnermediacdn.com/cnn/clips/2021-03/203966-fcb789508a7e4e5cb9828a6db04e6d6a/mp4/Chad-Daybell-Lori-Vallow-human-remains-police-sot-vpx-203966-1920x1080_8000k.mp4,downloads/67fddfc7bb0e5e0a7c47fdf7.mp4,Unknown,"Rexburg, Idaho",-1,"[{""start"":""00:26"",""end"":""00:28"",""text_snippet"":"""",""location"":"""",""time_detail"":""""},{""start"":""00:32"",""end"":""00:35"",""text_snippet"":"""",""location"":"""",""time_detail"":""""}]"
67fddfc7bb0e5e0a7c47fdf8,Police ask for help to identify boy found dead on hiking trail,https://www.cnn.com/videos/us/2021/05/30/las-vegas-boy-body-found-hiking-trail-dnt-vpx.kvvu,"May 30, 2021","Authorities in Las Vegas are asking for the public’s help to identify a boy found dead on a trail near the city, after a woman mistakenly identified him as her son. KVVU’s Lauren Martinez reports.",cnn,true,true,,downloads/67fddfc7bb0e5e0a7c47fdf8.mp4,Unknown,"Las Vegas, Nevada near the city",-1,null
67fddfc7bb0e5e0a7c47fdf9,Family finds body of missing airman,https://www.cnn.com/videos/us/2021/05/05/texas-airman-body-found-pkg-vpx.ktrk,"May 5, 2021","Family members of missing 22-year-old airman Elijah Posana found his body off the Texas coast, according to the Brazoria County Sheriff’s Office. CNN affiliate KTRK reports.",cnn,true,true,,downloads/67fddfc7bb0e5e0a7c47fdf9.mp4,Elijah Posana,"Off the Texas coast near Freeport, Texas",-1,null
67fddfc9bb0e5e0a7c47fdfa,"Egypt showcases discovery of 2,500-year-old coffins",https://www.cnn.com/videos/style/2020/11/16/egypt-saqqara-coffins-mummy-discovery-long-orig-mrg.cnn,"Nov 27, 2020","Egyptian authorities have announced the discovery of more than 100 coffins dating back 2,500 years, the latest and largest find this year in the vast burial ground of the Saqqara necropolis.",cnn,true,false,,,Unknown,"Saqqara, Egypt.",-1,null
67fddfc9bb0e5e0a7c47fdfb,See mammoth bones discovered in Russia,https://www.cnn.com/videos/world/2020/07/30/mammoth-remains-found-russia-scn-lon-orig-na.cnn,"Jul 30, 2020","Among the remains discovered by local residents are parts of the animal’s skull, ribs and fragments of a foot.",cnn,true,false,,,Unknown,Unknown,-1,null
67fddfc9bb0e5e0a7c47fdfc,Human remains identified as missing Fort Hood soldier,https://www.cnn.com/videos/us/2020/07/06/vanessa-guillen-remains-identified-vpx.cnn,"Jul 6, 2020","Human remains found in a shallow Texas grave were positively identified as Army Spc. Vanessa Guillen on Sunday, according to Guillen family attorney Natalie Khawam.",cnn,true,true,https://clips-media-aka.warnermediacdn.com/cnn/clips/2021-03/200899-703f8c18e1f840ba8b798cdee7a7c274/mp4/vanessa-guillen-remains-identified-vpx--200899-1920x1080_8000k.mp4,downloads/67fddfc9bb0e5e0a7c47fdfc.mp4,Vanessa Guillen,"Killeen, Texas",4,"[{""start"":""00:08"",""end"":""00:10"",""text_snippet"":"""",""location"":"""",""time_detail"":""""},{""start"":""00:16"",""end"":""00:19"",""text_snippet"":"""",""location"":""Fort Hood"",""time_detail"":""""},{""start"":""00:23"",""end"":""00:28"",""text_snippet"":"""",""location"":""Fort Hood"",""time_detail"":""""}]"
67fddfc9bb0e5e0a7c47fdfd,Man found hanging from a tree in Los Angeles County,https://www.cnn.com/videos/us/2020/06/14/man-found-hanging-from-tree-palmdale-los-angeles-county-vpx.cnn,"Jun 14, 2020","Robert L. Fuller, a 24-year-old black man, was found hanging from a tree in northern Los Angeles County. Fire department personnel who responded to the scene determined he was dead, the Los Angeles County Sheriff’s Department said in a ...",cnn,true,true,https://clips-media-aka.warnermediacdn.com/cnn/clips/2021-03/201647-494677406dbf4e4f83c48a19c5cb420e/mp4/man-found-hanging-from-tree-palmdale-los-angeles-county-vpx--201647-1920x1080_8000k.mp4,downloads/67fddfc9bb0e5e0a7c47fdfd.mp4,Robert L. Fuller,Los Angeles County,-1,"[{""start"":""00:00"",""end"":""00:07"",""text_snippet"":"""",""location"":""public square in Palmdale, California"",""time_detail"":""""},{""start"":""00:08"",""end"":""00:12"",""text_snippet"":"""",""location"":""across the street from the city hall in Palmdale, California"",""time_detail"":""""},{""start"":""00:31"",""end"":""00:36"",""text_snippet"":"""",""location"":""public square in Palmdale, California"",""time_detail"":""""}]"
67fddfc9bb0e5e0a7c47fdfe,Body of former WWE star found on California beach,https://www.cnn.com/videos/entertainment/2020/05/20/shad-gaspard-wwe-body-found-lon-orig-tp.cnn,"May 20, 2020","The body of former WWE star, Shad Gaspard, was found on a California beach three days after he went missing during a swim.",cnn,true,true,,downloads/67fddfc9bb0e5e0a7c47fdfe.mp4,Shad Gaspard,"Santa Monica Beach, California",-1,null
67fddfc9bb0e5e0a7c47fdff,Dozens of bodies found in trucks outside funeral home,https://www.cnn.com/videos/us/2020/04/30/bodies-funeral-home-trucks-new-york-eg-orig.cnn,"May 1, 2020","Trucks containing as many as 60 bodies have been discovered outside a New York funeral home, a law enforcement official told CNN.",cnn,true,true,,downloads/67fddfc9bb0e5e0a7c47fdff.mp4,Unknown,"New York City, New York",-1,null
67fddfc9bb0e5e0a7c47fe00,Investigators think they found remains of missing child,https://www.cnn.com/videos/us/2020/03/07/evelyn-boswell-missing-police-find-possible-remains-wxp-hendricks-vpx.hln,"Mar 7, 2020","Authorities believe they have located the remains of 15-month-old Evelyn Boswell, who was reported missing a little more than two weeks ago. HLN’s Susan Hendricks has more.",cnn,true,true,,downloads/67fddfc9bb0e5e0a7c47fe00.mp4,Evelyn Boswell,"Gray, Tennessee",-1,null
67fddfc9bb0e5e0a7c47fe01,Teenager's remains found in zoo's lion enclosure,https://www.cnn.com/videos/world/2020/02/27/remains-of-a-missing-teen-found-in-a-lion-enclosure-pakistan-lc-lon-orig.cnn,"Mar 1, 2020","The remains of a teen, who was missing for two days, have been found in a lion enclosure at Lahore Safari Zoo in Pakistan.",cnn,true,true,,downloads/67fddfc9bb0e5e0a7c47fe01.mp4,Unknown,"Lahore, Pakistan",-1,null
67fddfc9bb0e5e0a7c47fe02,Officials say body of missing college student found,https://www.cnn.com/videos/us/2020/02/19/anitra-gunn-body-found-fort-valley-state-ots-vpx.hln,"Feb 19, 2020","The Fort Valley Department of Public Safety said it received confirmation from the Georgia Bureau of Investigation that a body recovered was that of missing 23-year-old college student Anitra Gunn, who had been missing since Valentine’s Day.",cnn,true,true,,downloads/67fddfc9bb0e5e0a7c47fe02.mp4,Anitra Gunn,"Fort Valley, Georgia",4,null
67fddfc9bb0e5e0a7c47fe03,3 men found dead near California cemetery,https://www.cnn.com/videos/us/2020/02/19/3-men-found-dead-near-a-cemetery-california-dnt-vpx.kcal-kcbs,"Feb 19, 2020",Police say the bodies of three men found dead near a cemetery in California are all believed to have been killed at the Perris Valley Cemetery. CNN affiliate KCAL/KCBS reports.,cnn,true,true,,downloads/67fddfc9bb0e5e0a7c47fe03.mp4,Unknown,"Perris Valley, California",-1,null
67fddfcbbb0e5e0a7c47fe04,Police locate body of missing 6-year-old girl,https://www.cnn.com/videos/us/2020/02/13/faye-marie-swetlik-missing-girl-update-sot-vpx.wis,"Feb 13, 2020","South Carolina police have located the body of missing 6-year-old Faye Swetlik, who vanished from outside of her home Monday morning.",cnn,true,true,,downloads/67fddfcbbb0e5e0a7c47fe04.mp4,Faye Swetlik,"Fayborough, South Carolina",12,null
67fddfcbbb0e5e0a7c47fe05,Skeletal remains found after children removed from home,https://www.cnn.com/videos/us/2020/01/31/arizona-skeletal-remains-pkg-vpx.ktvk,"Jan 31, 2020",Two Phoenix parents whose children had just been removed from their custody were arrested after authorities responded to a fire at their home and discovered human skeletal remains. CNN affiliate KTVK reports.,cnn,true,true,,downloads/67fddfcbbb0e5e0a7c47fe05.mp4,Unknown,"Phoenix, Arizona",-1,null
67fddfcbbb0e5e0a7c47fe06,Missing teen's body found near where she was last seen,https://www.cnn.com/videos/us/2020/01/21/missing-montana-teen-selina-not-afraid-found-dead-dnt-vpx.ktvq,"Jan 21, 2020","The body of 16-year-old Selina Not Afraid, a Montana teen missing since New Year’s Day, was found less than a mile from where she was last seen. CNN affiliate KTVQ has the latest.",cnn,true,true,,downloads/67fddfcbbb0e5e0a7c47fe06.mp4,Selina Not Afraid,"Billings, Montana",-1,null
67fddfcbbb0e5e0a7c47fe07,Body of woman missing for 6 years found in submerged car,https://www.cnn.com/videos/us/2020/01/19/new-jersey-woman-car-pkg-vpx.kyw,"Jan 19, 2020","The body of a woman who had been missing for six years has been found in a New Jersey river, according to authorities.",cnn,true,true,,downloads/67fddfcbbb0e5e0a7c47fe07.mp4,Unknown,New Jersey River,11,null
67fddfcbbb0e5e0a7c47fe08,Missing woman found in her car buried under snow,https://www.cnn.com/videos/us/2020/01/16/elderly-california-woman-found-alive-vehicle-buried-snow-vpx.kcra,"Jan 18, 2020","After a week-long search, a 68-year-old California woman has been found alive in her vehicle that was buried in snow.",cnn,true,true,,downloads/67fddfcbbb0e5e0a7c47fe08.mp4,Unknown,California,-1,null
67fddfcbbb0e5e0a7c47fe09,Body of missing woman Paighton Houston found,https://www.cnn.com/videos/us/2020/01/04/paighton-houston-body-found-alabama-orig-jg.cnn,"Jan 4, 2020","29-year-old Paighton Houston’s remains were discovered in a shallow grave behind a house in Hueytown, Alabama. She disappeared on December 20th, 2019.",cnn,true,true,,downloads/67fddfcbbb0e5e0a7c47fe09.mp4,Paighton Houston,"Hueytown, Alabama",-1,null
67fddfcfbb0e5e0a7c47fe0a,Bahamas officials reveal American man's cause of death after body found on beach,https://www.foxnews.com/us/bahamas-officials-reveal-american-mans-cause-death-body-found-beach,5 days ago,Bahamas police have revealed the cause of death for an American man who briefly disappeared during a vacation with his parents and was found dead the next morning.,foxnews,true,true,,,Unknown,"Nassau, Bahamas",3,null
67fddfcfbb0e5e0a7c47fe0b,"Woman’s body found in red suitcase alongside road in affluent Connecticut town, police say",https://www.foxnews.com/us/womans-body-found-in-red-suitcase-alongside-road-in-affluent-connecticut-town-police-say,"February 6, 2019",Greenwich police in Connecticut said the body of a young woman was found bound inside a suitcase left alongside a road.,foxnews,true,true,,,Unknown,"Greenwich, Connecticut",-1,null
67fddfcfbb0e5e0a7c47fe0c,Kevin Bacon’s ‘Wild Things’ crew found a dead body during filming,https://www.foxnews.com/entertainment/kevin-bacons-wild-things-crew-found-dead-body-during-filming,7 hours ago,"Kevin Bacon shared one of the more shocking memories from filming the 1998 erotic thriller ""Wild Things,"" involving a Florida swamp and a dead body.",foxnews,true,false,,,Unknown,Florida swamp near Key Largo,-1,null
67fddfcfbb0e5e0a7c47fe0d,Police identify body found stuffed in duffel bag outside New York bank,https://www.foxnews.com/us/police-identify-body-found-stuffed-in-duffel-bag-outside-new-york-bank,"November 21, 2018",Police have identified the body of a man found stuffed in a duffel bag outside a bank in New York earlier this week.,foxnews,true,true,,,Unknown,"New York City, New York",-1,null
67fddfcfbb0e5e0a7c47fe0e,"Body found during search for Nicola Bulley, missing mother of 2: report",https://www.foxnews.com/us/body-found-search-nicola-bulley-missing-mother-2-report,"February 19, 2023","Lanchashire police say they have ""sadly recovered a body."" Identification efforts are underway to see if it is that of missing mother Nicola Bulley, last seen on Jan. 27.",foxnews,true,true,,,Nicola Bulley,"Preston, England",-1,null
67fddfcfbb0e5e0a7c47fe0f,Body found in northwest Iowa field believed to be trucker missing since November,https://www.foxnews.com/us/body-found-northwest-iowa-field-believed-trucker-missing-november,April 25,"A body discovered Wednesday in an Iowa field is believed to be that of 53-year-old Wall Lake resident David Schultz, a truck driver who went missing just before Thanksgiving.",foxnews,true,true,,,David Schultz,Northwest Iowa,-1,null
67fddfcfbb0e5e0a7c47fe10,"Baltimore Bridge collapse: Salvage crews race against clock after fourth body found, FBI launches probe",https://www.foxnews.com/us/baltimore-bridge-collapse-salvage-crews-race-clock-fourth-body-found-fbi-launches-probe,April 16,Crews are using the largest crane on the Eastern Seaboard to haul sections of Baltimore’s Francis Scott Key Bridge out of the Baltimore harbor in a race against the clock.,foxnews,true,true,,,Unknown,"Baltimore, Maryland.",-1,null
67fddfcfbb0e5e0a7c47fe11,Body found in Missouri in 1978 identified by DNA evidence as a 15-year-old Iowa girl,https://www.foxnews.com/us/body-found-missouri-1978-identified-dna-evidence-15-year-old-iowa-girl,"April 3, 2024","DNA evidence and other scientific investigations helped identify the body found in Missouri from 1978 as a missing 15-year-old girl from Iowa, 46-years later.",foxnews,true,true,,,Unknown,"Near Sikeston, Missouri",9,null
67fddfcfbb0e5e0a7c47fe12,Body of missing Texas National Guard soldier found,https://www.foxnews.com/us/body-missing-texas-national-guard-soldier-found,"April 25, 2022","The body of Texas Army National Guard Specialist Bishop E. Evans, who went missing after attempting to save two migrants from drowning, was found Monday on the fourth day of the search.",foxnews,true,true,,,Bishop E. Evans,"Rio Grande near Roma, Texas",4,null
67fddfcfbb0e5e0a7c47fe13,Body found in same Austin lake where 6 other deceased individuals were found in 2024,https://www.foxnews.com/us/body-found-same-austin-lake-where-6-other-deceased-individuals-found-2024,December 21,"A body was found in a Texas lake, the same site where other deceased individuals have been discovered in recent months, authorities said.",foxnews,true,true,,,Unknown,"Austin, Texas",10,null
67fddfd1bb0e5e0a7c47fe14,"Colorado college student's body found in rugged terrain, police believe",https://www.foxnews.com/us/colorado-college-students-body-found-rugged-terrain-police-believe,February 17,"Colorado authorities have recovered what they believe to be the body of missing University of Colorado-Boulder student Megan Trussell in ""hard-to-reach terrain.""",foxnews,true,true,,,Megan Trussell,"Boulder, Colorado",-1,null
67fddfd1bb0e5e0a7c47fe15,American man on Bahamas family vacation found dead after leaving dinner to get jacket: report,https://www.foxnews.com/us/american-man-bahamas-family-vacation-found-dead-after-leaving-dinner-jacket,6 days ago,"A Maryland man, Dinari McAlmont, who briefly disappeared during a vacation to the Bahamas with his parents, was found dead on a beach the next morning.",foxnews,true,true,,,Dinari McAlmont,"Nassau, Bahamas",3,null
67fddfd1bb0e5e0a7c47fe16,Human remains found inside freezer of Michigan townhome: 'Smell of death',https://www.foxnews.com/us/human-remains-found-inside-freezer-michigan-townhome-smell-death,November 11,"Police in Michigan said a body and other human remains, possibly belonging to a second body, were found inside a freezer in a townhome in East Lansing.",foxnews,true,true,,,Unknown,"East Lansing, Michigan",-1,null
67fddfd1bb0e5e0a7c47fe17,Missing Missouri mother's remains found 6 months after mysterious disappearance,https://www.foxnews.com/us/missing-missouri-mothers-remains-found-6-months-after-mysterious-disappearance,October 3,Authorities in Missouri have identified the skeletal remains of mother Emily Strite who was found in a remote wooded area six months after she mysteriously disappeared.,foxnews,true,true,,,Emily Strite,Missouri,-1,null
67fddfd1bb0e5e0a7c47fe18,Body found in wheel well of United Airlines Christmas Eve flight from Chicago to Maui,https://www.foxnews.com/us/body-found-wheel-well-united-airlines-christmas-eve-flight-from-chicago-maui,December 25,An investigation is underway after a body was discovered in the wheel well of an airplane that landed in Maui after taking off from Chicago.,foxnews,true,true,,,Unknown,"Chicago, Illinois 
Maui, Hawaii",2,null
67fddfd1bb0e5e0a7c47fe19,Astronaut Remains Found on Ground,https://www.foxnews.com/story/astronaut-remains-found-on-ground,"March 25, 2015","The remains of some of the astronauts aboard the space shuttle Columbia have been recovered, and analysts expect they will be able to genetically identify them.",foxnews,true,false,,,Unknown,Unknown,-1,null
67fddfd1bb0e5e0a7c47fe1a,Virginia boy's body found in parents' freezer after roughly 2 years,https://www.foxnews.com/us/virginia-boys-body-found-parents-freezer-2-years,"July 6, 2021",Virginia police say the body of a dead boy found in his parent’s freezer may have been there for between 18 months and two and a half years before a tipster led investigators to the home.,foxnews,true,true,,,Unknown,"Unknown (Note: The article states that it is Virginia police investigating, but does not specify which part of Virginia)",-1,null
67fddfd1bb0e5e0a7c47fe1b,Blue cities plagued by homeless encampments face threat as woman’s body found in suitcase,https://www.foxnews.com/us/blue-cities-plagued-homeless-encampments-face-threat-womans-body-found-suitcase,October 10,"After the remains of Shannon Reeder, 37, were found stuffed into a suitcase in a Seattle homeless encampment, experts say encampments nationwide need more government oversight.",foxnews,true,true,,,Shannon Reeder,"Seattle, Washington",-1,null
67fddfd1bb0e5e0a7c47fe1c,Missing Los Angeles firefighter's body found by divers off California coast,https://www.foxnews.com/us/missing-los-angeles-firefighters-body-found-divers-california-coast,April 1,"The body of missing Los Angeles firefighter Connor J. Lees was recovered off the coast of Long Beach, California, months after his disappearance.",foxnews,true,true,,,Connor J. Lees,"Long Beach, California",-1,null
67fddfd1bb0e5e0a7c47fe1d,New Jersey woman whose body found hidden in father's home never reported missing,https://www.foxnews.com/us/new-jersey-woman-whose-body-found-hidden-in-fathers-home-never-reported-missing,"March 26, 2015","A young New Jersey woman whose remains were recently discovered inside her family's home was never reported missing, baffling authorities who say her father concealed the body for more than three years.",foxnews,true,true,,,Unknown,New Jersey,11,null
67fddfd3bb0e5e0a7c47fe1e,Army soldier’s death investigated as homicide after body found inside Missouri base dumpster,https://www.foxnews.com/us/army-soldiers-death-investigated-homicide-body-found-inside-missouri-base-dumpster,October 24,"The death of an Army soldier at Fort Leonard Wood, Missouri, is being investigated as a homicide after the body of 23-year-old Sgt. Sarah Roque was found in a dumpster on the base.",foxnews,true,true,,,Sarah Roque,"Fort Leonard Wood, Missouri",4,null
67fddfd3bb0e5e0a7c47fe1f,Body found in Grand Canyon National Park of man traveling down Colorado River with dog,https://www.foxnews.com/us/body-found-grand-canyon-national-park-new-mexico-man-traveling-colorado-river-dog,May 14,A missing New Mexico man who is believed to have been traveling the Colorado River with his dog on a homemade raft has been found dead at the Grand Canyon.,foxnews,true,true,,,Unknown,"Grand Canyon, Arizona",-1,null
67fddfd3bb0e5e0a7c47fe20,Missing YouTube star Etika's body found in East River by NYPD,https://www.foxnews.com/entertainment/missing-youtube-star-etikas-body-found-in-east-river-by-nypd,"June 25, 2019","The body of popular Brooklyn YouTube star Etika was pulled from the East River Monday, authorities said Tuesday.",foxnews,true,true,,,Etika,"New York City, New York",-1,null
67fddfd3bb0e5e0a7c47fe21,"Missing Tennessee mother's body found, 2 men charged with abuse of corpse, investigators say",https://www.foxnews.com/us/carolyn-pope-missing-tennessee-mother-body-found-abuse-corpse-charges,"October 24, 2019","The body of a Tennessee mother who was reported missing nearly two weeks ago was discovered on Wednesday and two men were charged with abuse of a corpse, authorities announced on Thursday.",foxnews,true,true,,,Unknown,Tennessee,-1,null
67fddfd3bb0e5e0a7c47fe22,Body of missing Seattle skier found on Mount Rainier unable to be recovered; search for 2 others continue,https://www.foxnews.com/us/missing-seattle-climber-body-found-mount-rainier,"June 30, 2020","The body of a Seattle skier has been found after he disappeared last week on Mount Rainier, while the search for two other hikers who went missing in that same area continues.",foxnews,true,true,,,Unknown,Mount Rainier near Seattle,-1,null
67fddfd3bb0e5e0a7c47fe23,Body of missing Pennsylvania mother found partially buried weeks after vanishing,https://www.foxnews.com/us/body-missing-pennsylvania-mother-found-partially-buried-weeks-after-vanishing,"January 19, 2023","The body of 43-year-old mother Jennifer Brown was found partially buried on Wednesday in Royersford, Pennsylvania, two weeks after she was reported missing.",foxnews,true,true,,,Jennifer Brown,"Royersford, Pennsylvania",-1,null
67fddfd3bb0e5e0a7c47fe24,Naya Rivera: Authorities are 'confident' body found at Lake Piru is former 'Glee' actress,https://www.foxnews.com/entertainment/naya-rivera-authorities-confident-body-former-glee-actress,"July 13, 2020","Authorities said Monday that they are ""confident"" a body found in California's Lake Piru earlier in the morning is former ""Glee"" actress Naya Rivera.",foxnews,true,true,,,Naya Rivera,"Lake Piru, California",-1,null
67fddfd3bb0e5e0a7c47fe25,Rachel Morin’s alleged illegal killer left slain jogger’s body along 150-foot blood trail: prosecutors,https://www.foxnews.com/us/rachel-morin-alleged-illegal-killer-left-slain-joggers-body-along-150-foot-blood-trail-prosecutors,April 4,"Opening statements began in the trial of an illegal immigrant charged with murdering Rachel Morin, a Maryland mother of five who was killed while jogging on a hiking trail.",foxnews,true,true,,,Rachel Morin,"Gaithersburg, Maryland",-1,null
67fddfd3bb0e5e0a7c47fe26,"Body found in Oregon home confirmed as original Mouseketeer Dennis Day, police say",https://www.foxnews.com/entertainment/body-found-oregon-home-confirmed-original-mickey-mouse-club-mouseketeer-dennis-day,"June 6, 2019",A body found at an Oregon home this past April is that of Dennis Day -- an original Mickey Mouse Club Mouseketeer -- who had not been seen since July 2018.,foxnews,true,true,,,Dennis Day,Oregon,-1,null
67fddfd5bb0e5e0a7c47fe27,Body of missing Arizona hiker found days after flash flood at Grand Canyon National Park,https://www.foxnews.com/us/body-missing-arizona-hiker-found-days-after-flash-flood-grand-canyon-national-park,August 26,"The body of Chenoa Nickerson, 33, was recovered from the Colorado River days after a flash flood swept her into Havasu Creek at Grand Canyon National Park.",foxnews,true,true,,,Chenoa Nickerson,"Grand Canyon National Park, Arizona",5,null
67fddfd5bb0e5e0a7c47fe28,Police say body found on Long Island is MS-13 gang victim,https://www.foxnews.com/us/police-say-body-found-on-long-island-is-ms-13-gang-victim,"May 25, 2019",Police on Long Island say they have recovered the body of a MS-13 gang victim who was buried in a shallow grave over two years ago.,foxnews,true,true,,,Unknown,"Long Island, New York",-1,null
67fddfd5bb0e5e0a7c47fe29,"Body found in search for Utah girl, 5, after uncle gives map to remains, police say",https://www.foxnews.com/us/utah-girl-elizabeth-shelley-body-uncle-map,"May 29, 2019","A man in the death of his missing 5-year-old niece told authorities her body was less than a block from her Utah home, his attorney said Wednesday.",foxnews,true,true,,,Unknown,"Salt Lake City, Utah",12,null
67fddfd5bb0e5e0a7c47fe2a,Body found near San Diego trail where missing hiker separated from group during heat wave,https://www.foxnews.com/us/body-found-san-diego-trail-missing-hiker-separated-group-during-heat-wave,June 25,"Diem Le Nguyen, 50, separated from her group during a hike along Nighthawk Trail on Black Mountain in San Diego before she went missing early Sunday.",foxnews,true,true,,,Diem Le Nguyen,"Black Mountain near San Diego, California",-1,null
67fddfd5bb0e5e0a7c47fe2b,Identity of 'badly decomposed' body found in Ohio car wash released: report,https://www.foxnews.com/us/identity-badly-decomposed-body-found-ohio-car-wash-released-report,October 13,"Authorities in Franklin County, Ohio have identified the body of a 53-year-old man who they found “badly decomposed"" inside an abandoned car wash.",foxnews,true,true,,,Unknown,"Franklin County, Ohio",-1,null
67fddfd5bb0e5e0a7c47fe2c,California police ID body found wrapped in plastic in back of abandoned U-Haul truck,https://www.foxnews.com/us/california-woman-body-wrapped-tarp-ids,"January 11, 2020",California police announced Friday that the remains of a woman whose body was recovered from the back of an abandoned U-Haul truck earlier this week were those of 29-year-old Ashley Manning.,foxnews,true,true,,,Ashley Manning,"Los Angeles area, California",-1,null
67fddfd5bb0e5e0a7c47fe2d,"Missing New York City woman ID’d as body found partially clothed with possible burn marks, police say",https://www.foxnews.com/us/missing-new-york-city-woman-idd-as-body-found-partially-clothed-with-possible-burn-marks-police-say,"November 27, 2018","A woman who was found partially clothed with possible burn marks on her skin had been missing just days before two people discovered her body in New York City woods, reports said.",foxnews,true,true,,,Unknown,"New York City, New York",11,null
67fddfd5bb0e5e0a7c47fe2e,Woman's body found in Vermont recycling processing center,https://www.foxnews.com/us/womans-body-vermont-recycling-processing-center,"January 18, 2023",A woman's body was found in a recycling processing center in Vermont. Vermont police believe it was an isolated incident and that there is no further risk to the community.,foxnews,true,true,,,Unknown,"Burlington, Vermont",-1,null
67fddfd5bb0e5e0a7c47fe2f,"Illinois college student's body found in rural field, homicide investigation underway",https://www.foxnews.com/us/illinois-college-students-body-found-in-rural-field-homicide-investigation-underway,"March 17, 2021","A homicide investigation is underway after a missing 19-year-old college student's body was found in a field in a rural part of southern Illinois Sunday, FKVS reports.",foxnews,true,true,,,Unknown,"Southern Illinois, near a rural field.",9,null
67fddfd5bb0e5e0a7c47fe30,"Man’s ‘badly decomposed’ body found inside closet in Texas, police say",https://www.foxnews.com/us/mans-badly-decomposed-body-found-inside-closet-in-texas-police-say,"March 21, 2019","A grisly discovery was made in Texas on Thursday when a man’s body was found inside a closet, authorities said.",foxnews,true,true,,,Unknown,Texas,10,null
67fddfd7bb0e5e0a7c47fe31,Climber's body found on Peru's highest mountain after 22 years,https://www.foxnews.com/world/climbers-body-found-peru-highest-mountain-22-years,July 9,"Peruvian authorities reported Tuesday the discovery of William Stampfl's body near the country's Huascaran summit, 22 years after the 58-year-old mountaineer's death.",foxnews,true,true,,,William Stampfl,"Huascaran, Peru",-1,null
67fddfd7bb0e5e0a7c47fe32,Body found in Tennessee in 1985 ID'd as missing New Hampshire teen,https://www.foxnews.com/us/body-found-in-tennessee-in-1985-idd-as-new-hampshire-teen,"November 16, 2018",Authorities in Tennessee are seeking the public’s help in solving the decades-old murder of a recently identified 17-year-old girl reported missing from New Hampshire.,foxnews,true,true,,,Unknown,"Tennessee near Memphis, Tennessee is not specified but since it's being referred to as part of the state and a place where a body was found in 1985, we can say 
Tennessee",-1,null
67fddfd7bb0e5e0a7c47fe33,Remains of Florida tourist discovered in Georgia woods two years after disappearance: FBI,https://www.foxnews.com/us/remains-florida-tourist-discovered-georgia-woods-two-years-after-disappearance-fbi,March 4,"The remains of a United Kingdom man missing for nearly two-and-a-half years have been found in a privately owned wooded area in Georgia, the FBI said.",foxnews,true,true,,,Unknown,Georgia,-1,null
67fddfd7bb0e5e0a7c47fe34,Skeletal remains found near New Hampshire golf course days after 5th anniversary of woman's disappearance,https://www.foxnews.com/us/skeletal-remains-found-near-new-hampshire-golf-course-days-after-5th-anniversary-womans-disappearance,March 21,"Derry police say they have discovered human remains near the Hoodkroft Country Club golf course in Derry, New Hampshire, after receiving a tip.",foxnews,true,true,,,Unknown,"Derry, New Hampshire",-1,null
67fddfd7bb0e5e0a7c47fe35,Body Found in Hotel Confirmed to Be Missing Georgia Soldier,https://www.foxnews.com/story/body-found-in-hotel-confirmed-to-be-missing-georgia-soldier,"March 25, 2015","A body was discovered in Georgia's DeSoto Hilton in Savannah after guests complained of a foul odor in the lobby. The body, found in a piece of air conditioning equipment, may be that of missing soldier Spc. Robert Hornbeck, 23.",foxnews,true,true,,,Robert Hornbeck,"Savannah, Georgia",-1,null
67fddfd7bb0e5e0a7c47fe36,Missing Seoul mayor's body found after massive search,https://www.foxnews.com/world/south-korea-seoul-mayor-body-found-park-won-soon,"July 9, 2020","Local police said the body of the missing mayor of South Korea’s capital, Seoul, has been found.",foxnews,true,true,,,Unknown,"Seoul, South Korea",-1,null
67fddfd7bb0e5e0a7c47fe37,"Texas infant’s body found in flower pot at cemetery, police say",https://www.foxnews.com/us/texas-infants-body-found-in-flower-pot-at-cemetery-police-says,"March 27, 2019","A caretaker at a Texas cemetery made a grim discovery earlier this month, finding the body of an infant buried in a flowerpot, police said Wednesday.",foxnews,true,true,,,Unknown,"Tyler, Texas",-1,null
67fddfd7bb0e5e0a7c47fe38,Body parts found scattered across Milwaukee in 3 separate instances within a week: report,https://www.foxnews.com/us/body-parts-found-scattered-across-milwaukee-3-separate-instances-within-week-report,"April 7, 2024","More human body parts were discovered across the Milwaukee area Friday and on Saturday, less than a week after a human leg was found inside an area park.",foxnews,true,true,,,Unknown,"Milwaukee, Wisconsin",-1,null
67fddfd7bb0e5e0a7c47fe39,"Burning body discovered in New York shopping cart, additional remains found in apartment",https://www.foxnews.com/us/burning-body-discovered-new-york-shopping-cart-additional-remains-found-apartment,August 7,"A body was found burning inside a shopping cart in Yonkers, New York, and the body was later linked to more remains inside an apartment in the Bronx.",foxnews,true,true,,,Unknown,"Yonkers, New York 
Bronx, New York",-1,null
67fddfd7bb0e5e0a7c47fe3a,Human remains found at burial site linked to 1921 Tulsa Race Massacre,https://www.foxnews.com/us/human-remains-found-at-funeral-site-linked-to-1921-tulsa-race-massacre,"October 21, 2020","One set of human remains, and perhaps a second, have been found in a Tulsa cemetery where investigators are searching for victims of the 1921 Tulsa Race Massacre, Oklahoma state archaeologist Kary Stackelbeck said Tuesday.",foxnews,true,true,,,Unknown,"Tulsa, Oklahoma",-1,null
67fddfd9bb0e5e0a7c47fe3b,Body found in Arkansas identified as Maleah Davis,https://www.foxnews.com/us/body-found-in-arkansas-identified-as-those-of-missing-maleah-davis,"June 3, 2019",A Texas medical examiner confirmed Monday the body of a small child found in a garbage bag in Arkansas was that of missing 4-year-old Maleah Davis.,foxnews,true,true,,,Maleah Davis,"Hope, Arkansas",-1,null
67fddfd9bb0e5e0a7c47fe3c,Body of missing British scientist found on Greek island in ravine days after she disappeared during run,https://www.foxnews.com/world/british-scientist-greek-island-body-found,"August 7, 2019","The body of a British-Cypriot astrophysicist was discovered Wednesday in a ravine on Greek island two days after she went missing while out jogging, officials said.",foxnews,true,true,,,Unknown,"Kefalonia Island, Greece",-1,null
67fddfd9bb0e5e0a7c47fe3d,"Vehicle of missing Texas mom Erica Hernandez pulled from pond, body found inside, police say",https://www.foxnews.com/us/missing-texas-mom-erica-hernandez-suv-pond,"May 12, 2021","A vehicle belonging to Erica Hernandez, a Texas mom who went missing last month, was found submerged in a pond with a body still inside, investigators said Tuesday.",foxnews,true,true,,,Erica Hernandez,Unknown (article does not specify location where body was found),-1,null
67fddfd9bb0e5e0a7c47fe3e,"Georgia authorities arrest 5 adults, 1 teenager after body found in trunk of car outside spa",https://www.foxnews.com/us/georgia-authorities-arrest-5-adults-1-teenager-body-found-trunk-car-outside-spa,"September 15, 2023","Five adults and one teen were arrested in Georgia after the body of a female from South Korea, who came to the Atlanta area to join ""Soldiers of Christ,"" was found in a car.",foxnews,true,true,,,Unknown,"Atlanta, Georgia",-1,null
67fddfd9bb0e5e0a7c47fe3f,"Body found near Greek beach with 22-pound barbell attached to leg, coast guard says",https://www.foxnews.com/world/body-found-greek-beach-22-pound-barbell-attached-leg-coast-guard-says,June 3,The coast guard says the body of an unidentified man has been recovered off a beach northeast of the Greek capital with a 22-pound barbell attached to his leg with a rope.,foxnews,true,true,,,Unknown,"Athens, Greece",-1,null
67fddfd9bb0e5e0a7c47fe40,Second North Carolina child's body found after flash flooding; mom heard on frantic 911 call,https://www.foxnews.com/us/north-carolina-girls-body-found-brother-still-missing-mom-heard-on-frantic-911-call,"September 3, 2020",A search party in North Carolina uncovered the body of the second missing child who was swept away by floodwaters earlier this week.,foxnews,true,true,,,Unknown,North Carolina,-1,null
67fddfd9bb0e5e0a7c47fe41,Woman found dead in O'Hare airport baggage machinery was a suicide: police,https://www.foxnews.com/us/woman-found-ohare-airport-baggage-machinery-suicide-police,August 10,Authorities say that the death of a woman whose body was discovered inside baggage machinery at O'Hare International Airport has been ruled a suicide.,foxnews,true,true,,,Unknown,"O'Hare International Airport, Chicago",2,null
67fddfd9bb0e5e0a7c47fe42,Florida teacher ID’d after body found in submerged car nearly 3 years after he disappeared,https://www.foxnews.com/us/florida-teacher-idd-body-found-submerged-car-nearly-3-years-he-disappeared,"April 12, 2023","Robert Heikka, who was a teacher in Port Orange, Florida, at the time of his disappearance in 2020, was identified as the body found inside a submerged car over the weekend.",foxnews,true,true,,,Robert Heikka,"Port Orange, Florida",-1,null
67fddfd9bb0e5e0a7c47fe43,Soldier charged with murder after female sergeant's body found in dumpster at Missouri base,https://www.foxnews.com/us/soldier-charged-murder-after-female-sergeants-body-found-dumpster-missouri-base,October 31,"Army prosecutors have filed murder charges against a soldier in connection to the death of Army Sgt. Sarah Roque, whose body was found inside a base dumpster in Missouri.",foxnews,true,true,,,Sarah Roque,"Fort Leonard Wood, Missouri",-1,null
67fddfd9bb0e5e0a7c47fe44,Body of missing 'experienced' California hiker found at base of waterfall after days of search: police,https://www.foxnews.com/us/body-missing-experienced-california-hiker-found-base-waterfall-days-search-police,"March 22, 2024","An experienced hiker, who was reported missing on Monday, was found dead on Friday at the bottom of a waterfall in California, authorities announced on Friday.",foxnews,true,true,,,Unknown,California,5,null
67fddfdbbb0e5e0a7c47fe45,Missing Arizona woman's body found days after husband arrested,https://www.foxnews.com/us/missing-arizona-womans-body-found-days-after-husband-arrested,July 5,The Flagstaff Police Department announced that the body of missing Flagstaff woman Kelly Paduchowski has been recovered after a nearly week long search.,foxnews,true,true,,,Kelly Paduchowski,"Flagstaff, Arizona",-1,null
67fddfdbbb0e5e0a7c47fe46,Illinois man’s body found in fuel tanker hauled by truck: reports,https://www.foxnews.com/us/illinois-mans-body-found-in-fuel-tanker-hauled-by-truck-reports,"June 9, 2021","An Illinois man's body was found inside a tanker filled with gas last week after two truck drivers who were unloading it noticed the fuel wasn't flowing smoothly, according to reports.",foxnews,true,true,,,Unknown,Unknown ( article does not specify where the tanker was located),-1,null
67fddfdbbb0e5e0a7c47fe47,Body Found in Lake Is Not Missing Fla. Girl,https://www.foxnews.com/story/body-found-in-lake-is-not-missing-fla-girl,"March 25, 2015",Authorities were searching Friday for a 9-year-old girl missing since Wednesday.,foxnews,true,true,,,Unknown,Unknown,10,null
67fddfdbbb0e5e0a7c47fe48,Gabby Petito case: Remains found in Wyoming likely Gabby Petito,https://www.foxnews.com/us/body-found-where-gabby-petito-search-is-underway-in-wyoming-no-confirmation-of-identity,"September 19, 2021","FIRST ON FOX: A body found in Grand Teton National Park was likely Gabby Petito, investigators said, adding that the remains matched the description of the missing woman as the search for her fiancé intensified.",foxnews,true,true,,,Gabby Petito,"Grand Teton National Park, Wyoming",7,null
67fddfdbbb0e5e0a7c47fe49,"Suspects on loose after carjacking caught on video, woman's remains found in burned SUV",https://www.foxnews.com/us/suspects-loose-carjacking-caught-video-womans-remains-found-burned-suv,"April 14, 2024",Authorities in Florida are looking for the suspects in an armed carjacking that took place before a woman's remains were found in a burned SUV.,foxnews,true,true,,,Unknown,Florida,-1,null
67fddfdbbb0e5e0a7c47fe4a,FBI: Remains found in Wyoming likely Gabby Petito,https://www.foxnews.com/us/fbi-body-found-wyoming-likely-gabby-petito,"September 19, 2021",,foxnews,true,true,,,Gabby Petito,Wyoming,7,null
67fddfdbbb0e5e0a7c47fe4b,Body Found in Yellowstone River Identified as That of Missing Montana Mother,https://www.foxnews.com/story/body-found-in-yellowstone-river-identified-as-that-of-missing-montana-mother,"March 25, 2015",Dawson County Sheriff Craig Anderson says the body of a missing 34-year-old Glendive woman has been found in the Yellowstone River.,foxnews,true,true,,,Unknown,"Glendive, Montana",-1,null
67fddfdbbb0e5e0a7c47fe4c,Body of girl wearing 'Future Princess Hero' shirt found along trail; police seek help in IDing victim,https://www.foxnews.com/us/california-girl-with-future-princess-hero-shirt-found-dead-in-duffel-bag,"March 6, 2019","The body of a girl wearing a pink long-sleeve ""Future Princess Hero"" shirt was found in a black roll-away duffel bag in Southern California this week, and authorities are seeking the public's help in identifying the victim.",foxnews,true,true,,,Unknown,Southern California,-1,null
67fddfdbbb0e5e0a7c47fe4d,"Body found in submerged car of missing Florida woman, deputies say",https://www.foxnews.com/us/body-found-submerged-car-missing-florida-woman-deputies-say,"April 25, 2023",Officials in Florida recovered a body from a submerged car that missing person Erica Bergeron was last believed to be driving before she disappeared.,foxnews,true,true,,,Erica Bergeron,"Osceola County, Florida",11,null
67fddfdbbb0e5e0a7c47fe4e,"Body found inside portable toilet near Baltimore Ravens' stadium, police say",https://www.foxnews.com/sports/baltimore-ravens-stadium-body-found-inside-portable-toilet,"December 15, 2019","A body was found inside a port-a-potty outside the Baltimore Ravens' stadium on Sunday, police said.",foxnews,true,true,,,Unknown,"Baltimore, Maryland",-1,null
67fddfddbb0e5e0a7c47fe4f,"Lake Mead's body in barrel is victim who was likely shot decades ago, Las Vegas police say",https://www.foxnews.com/us/lake-mead-body-barrel-shot-las-vegas,"May 3, 2022","Human remains found Sunday inside a barrel at a national park near Las Vegas are believed to have been a victim who was killed decades ago, authorities said Tuesday.",foxnews,true,true,,,Unknown,"Lake Mead, Nevada",-1,null
67fddfddbb0e5e0a7c47fe50,"Body Found Burned, Beheaded Identified as Sex Offender",https://www.foxnews.com/story/body-found-burned-beheaded-identified-as-sex-offender,"March 25, 2015",The Detroit News and Free Press are reporting that a burned and beheaded body found by a utility crew is that of a convicted sex offender.,foxnews,true,true,,,Unknown,"Detroit, Michigan",-1,null
67fddfddbb0e5e0a7c47fe51,Missing Florida teen Madeline Soto's body found as mom’s boyfriend named main suspect,https://www.foxnews.com/us/missing-teen-madeline-soto-body-found-moms-boyfriend-named-main-suspect,"March 1, 2024","Florida authorities said Friday that the body of the 13-year-old, who went missing on Monday morning, had been found in Osceola County.",foxnews,true,true,,,Madeline Soto,"Osceola County, Florida",-1,null
67fddfddbb0e5e0a7c47fe52,"Kentucky State Police find body of infant ‘consistent’ with baby missing for a month, 5 arrested",https://www.foxnews.com/us/kentucky-state-police-find-body-infant-consistent-baby-missing-month-5-arrested,June 14,"The Kentucky State Police said they found an infant's body ""consistent"" with Miya Tucker Rudd ""concealed"" in her parents home.",foxnews,true,true,,,Miya Tucker Rudd,"Paducah, Kentucky",-1,null
67fddfddbb0e5e0a7c47fe53,Boy's body found in North Carolina creek confirmed to be Maddox Ritch,https://www.foxnews.com/us/boys-body-found-in-north-carolina-creek-confirmed-to-be-maddox-ritch,"October 1, 2018",,foxnews,true,true,,,Maddox Ritch,"Greensboro, North Carolina",-1,null
67fddfddbb0e5e0a7c47fe54,"On this day in history, July 21, 1999, Navy divers recover body of John F. Kennedy Jr. after plane crash",https://www.foxnews.com/lifestyle/this-day-history-july-21-1999-navy-divers-recover-body-john-f-kennedy-jr-plane-crash,"July 20, 2023","In the Atlantic Ocean some eight miles off the coast of Martha's Vineyard, the body of John F. Kennedy Jr. and that of his wife and sister-in-law were found on this day in history, July 21, 1999.",foxnews,true,true,,,"John F. Kennedy Jr., Carolyn Bessette, Lauren Bessette","Martha's Vineyard, Massachusetts (offshore) Atlantic Ocean",-1,null
67fddfddbb0e5e0a7c47fe55,"Remains of Michigan woman, 68, who disappeared during vacation, found in stomach of shark",https://www.foxnews.com/us/remains-american-woman-68-found-stomach-shark-after-disappearing-diving-vacation,October 8,"Remains believed to belong to Colleen Monfore, 68, were found inside the stomach of shark over a week after she vanished during a dive in the tropical waters of Indonesia.",foxnews,true,true,,,Colleen Monfore,"Bali, Indonesia",-1,null
67fddfddbb0e5e0a7c47fe56,"Washington state man, 37, arrested after pregnant ex-girlfriend’s body found: authorities",https://www.foxnews.com/us/washington-state-man-37-arrested-after-pregnant-ex-girlfriends-body-found-authorities,"September 23, 2020","A 37-year-old Tacoma, Wash., man was arrested Tuesday, hours after the body of his pregnant ex-girlfriend was found at the bottom of a cliff in a nearby city, authorities say.",foxnews,true,true,,,Unknown,"Tacoma, Washington",-1,null
67fddfddbb0e5e0a7c47fe57,Long Island man arrested with date rape drug at train station after woman's body found in suitcase: police,https://www.foxnews.com/us/long-island-man-arrested-date-rape-drug-train-station-after-womans-body-found-suitcase-police,September 9,A New York man is charged with GHB possession and concealing human remains after police found a woman near his apartment tied up and dead in a suitcase.,foxnews,true,true,,,Unknown,"Long Island, New York",-1,null
67fddfddbb0e5e0a7c47fe58,"Body found in North Carolina believed to be 13-year-old Hania Aguilar, authorities say",https://www.foxnews.com/us/body-found-in-north-carolina-believed-to-be-13-year-old-hania-aguilar-authorities-say,"November 28, 2018","A day after a body was discovered in North Carolina, preliminary tests revealed that the remains belong to Hania Aguilar, a teen girl who has been missing for weeks, officials said.",foxnews,true,true,,,Hania Aguilar,North Carolina,12,null
67fddfdfbb0e5e0a7c47fe59,"Woman's body found in South Carolina donation bin identified, investigation continues",https://www.foxnews.com/us/womans-body-found-south-carolina-donation-bin-identified-investigation-continues,"January 9, 2023",Authorities in South Carolina have identified the body found in a donation bin that was said to likely have been dead for months. The woman's daughter spoke with a local news station.,foxnews,true,true,,,Unknown,South Carolina,-1,null
67fddfdfbb0e5e0a7c47fe5a,Food Lion worker found dead inside NC store freezer: police,https://www.foxnews.com/us/food-lion-worker-found-dead-inside-nc-store-freezer-police,September 12,"A Food Lion worker was found dead inside a freezer at one of the company’s stores in Raleigh, North Carolina, earlier this week, police say.",foxnews,true,true,,,Unknown,"Raleigh, North Carolina",-1,null
67fddfdfbb0e5e0a7c47fe5b,Baltimore bridge collapse: Fifth body recovered from Francis Scott Key Bridge wreckage,https://www.foxnews.com/us/baltimore-bridge-collapse-fifth-body-recovered-francis-scott-key-bridge-wreckage,May 2,"Unified Command said a fifth body was recovered from the wreckage of the Francis Scott Key Bridge in Baltimore on Wednesday, May 1.",foxnews,true,true,,,Unknown,"Baltimore, Maryland",-1,null
67fddfdfbb0e5e0a7c47fe5c,Body found at California construction site identified 2 decades later,https://www.foxnews.com/us/body-found-california-construction-site-identified-2-decades-later,"June 26, 2023",California police have finally identified the body that was found at a construction site near Los Angeles in 2001. Investigators are now treating the case as a potential homicide.,foxnews,true,true,,,Unknown,"Near Los Angeles, California",-1,null
67fddfdfbb0e5e0a7c47fe5d,"Family of American found dead on Bahamas beach fears ‘evidence will disappear,’ pleads for help",https://www.foxnews.com/us/family-american-found-dead-bahamas-beach-fears-evidence-will-disappear-pleads-help,15 hours ago,"Maryland man Dinari McAlmont's family is pleading for ""international help"" after the 23-year-old was found dead on a Bahamas beach on April 6 during a family vacation.",foxnews,true,true,,,Dinari McAlmont,"Nassau, Bahamas",3,null
67fddfdfbb0e5e0a7c47fe5e,Georgia man’s dismembered body found at neighbor’s home after trail of blood leads cops to remains: police,https://www.foxnews.com/us/georgia-mans-dismembered-body-found-at-neighbors-home-after-trail-of-blood-leads-cops-to-remains-police,"November 11, 2018","A missing Georgia man’s dismembered body was discovered Thursday after cops followed a trail of blood at a neighbor’s house that led them to the grisly discovery in the backyard, police said.",foxnews,true,true,,,Unknown,Georgia,-1,null
67fddfdfbb0e5e0a7c47fe5f,Arkansas authorities confirm dead body found earlier this week is former GOP state lawmaker,https://www.foxnews.com/us/arkansas-authorities-confirm-dead-body-found-earlier-this-week-is-former-gop-state-lawmaker,"June 6, 2019",Authorities in Arkansas confirmed on Thursday that a woman found dead outside her home this week is former Republican state Sen. Linda Collins-Smith.,foxnews,true,true,,,Linda Collins-Smith,"Rector, Arkansas",-1,null
67fddfdfbb0e5e0a7c47fe60,Kentucky governor confirms body found near site of freeway mass shooting is alleged I-75 gunman,https://www.foxnews.com/us/kentucky-governor-confirms-body-found-near-site-freeway-mass-shooting-alleged-i-75-gunman,September 20,Kentucky Gov. Andy Beshear confirmed that the body found during a search near a freeway this week was alleged Interstate 75 gunman Joseph Couch.,foxnews,true,true,,,Joseph Couch,"I-75, near Lexington, Kentucky",-1,null
67fddfdfbb0e5e0a7c47fe61,"California woman’s remains found 15 years after vanishing from casino, doc says: ‘We never gave up’",https://www.foxnews.com/us/california-womans-remains-found-15-years-vanishing-casino-doc-says,"August 23, 2023","Murder victim Christie Wilson, 27, was last seen in the parking lot of the Thunder Valley Casino northeast of Sacramento, Californiaz, in 2005. Her remains were found in 2020.",foxnews,true,true,,,Christie Wilson,"Thunder Valley Casino, near Sacramento, California",-1,null
67fddfdfbb0e5e0a7c47fe62,"Body found in Emiliano Sala plane wreckage, first images revealed",https://www.foxnews.com/sports/body-found-in-emiliano-sala-plane-wreckage-first-images-revealed,"February 4, 2019","A body can be seen in the wreckage of the plane that was carrying missing Argentine soccer player Emiliano Sala, investigators revealed Monday.",foxnews,true,true,,,Emiliano Sala,"The English Channel, near Guernsey.",-1,null
67fddfe1bb0e5e0a7c47fe63,Wisconsin college student’s body parts found after first date with suspect compared to Dahmer: report,https://www.foxnews.com/us/wisconsin-college-students-body-parts-found-after-first-date-suspect-compared-dahmer-report,April 19,"A Milwaukee college student was killed during a date, and police found her body parts scattered across the city, drawing some comparisons to the ""Milwaukee Monster""",foxnews,true,true,,,Unknown,"Milwaukee, Wisconsin",-1,null
67fddfe1bb0e5e0a7c47fe64,"Body of missing South Carolina girl, Faye Marie Swetlik, found; police investigating as homicide",https://www.foxnews.com/us/faye-marie-swetlik-missing-south-carolina-girl-search,"February 13, 2020","The body of Faye Marie Swetlik, a 6-year-old girl who mysteriously vanished in front of her South Carolina home Monday, has been discovered and is being treated as a homicide, investigators said.",foxnews,true,true,,,Faye Marie Swetlik,"Fort Mill, South Carolina",12,null
67fddfe1bb0e5e0a7c47fe65,"Missing Cipriani head chef's body found at New York hostel, police say",https://www.foxnews.com/us/missing-cipriani-head-chefs-body-found-hostel,"August 22, 2019","The body of a head chef at a popular New York City restaurant was found dead Wednesday at a hostel in Queens after he had been missing for four days, police told Fox News.",foxnews,true,true,,,Unknown,"Queens, New York City, New York",-1,null
67fddfe1bb0e5e0a7c47fe66,"Mom's boyfriend charged in killing girl, 9, whose body was found near Los Angeles hiking trail",https://www.foxnews.com/us/moms-boyfriend-charged-in-killing-girl-9-whose-body-was-found-near-los-angeles-hiking-trail,"March 12, 2019","A man identified as the boyfriend of a woman whose 9-year-old daughter whose body was found in a duffel bag at the bottom of an embankment near Los Angeles was charged Tuesday with her killing, officials announced.",foxnews,true,true,,,Unknown,Los Angeles,-1,null
67fddfe1bb0e5e0a7c47fe67,Wisconsin police confirm remains found are those of missing 3-year-old Elijah Vue,https://www.foxnews.com/us/wisconsin-police-confirm-remains-found-missing-3-year-old-elijah-vue,September 13,Wisconsin police said that human skeletal remains found last weekend were those of a missing 3-year-old boy who vanished earlier this year.,foxnews,true,true,,,Elijah Vue,"Unknown, but based on the article's context, I can infer it is likely in or near a city in Wisconsin where the police are based. However, since the exact location isn't specified, the most specific answer I can provide would be:

Wisconsin 

If more information was available about a nearby city or area where the remains were found, that could help refine this answer further.",-1,null
67fddfe1bb0e5e0a7c47fe68,Final Tennessee flooding victim’s body found,https://www.foxnews.com/us/final-tennessee-flooding-victims-body-found,"August 25, 2021","The body of the final victim in a devastating weekend flood in Tennessee was recovered Wednesday, bringing the total death toll to 20, authorities said.",foxnews,true,true,,,Unknown,Tennessee,-1,null
67fddfe1bb0e5e0a7c47fe69,Missing mom Crystal McDowell's ex-husband charged with murder after body found,https://www.foxnews.com/us/missing-mom-crystal-mcdowells-ex-husband-charged-with-murder-after-body-found,"September 10, 2017","The ex-husband of a Texas real estate agent who has been missing since the day before Hurricane Harvey struck has been charged with her murder, according to published reports.",foxnews,true,true,,,Crystal McDowell,Texas,-1,null
67fddfe1bb0e5e0a7c47fe6a,Student's Body Found in Pa. Landfill,https://www.foxnews.com/story/students-body-found-in-pa-landfill,"March 25, 2015","The body of a missing New Jersey college student was found in a Pennsylvania landfill, police said Wednesday.",foxnews,true,true,,,Unknown,Pennsylvania landfill,-1,null
67fddfe1bb0e5e0a7c47fe6b,Man's partially eaten body found in Detroit home,https://www.foxnews.com/us/mans-partially-eaten-body-found-in-detroit-home,"March 25, 2015",An autopsy is expected on the remains of a Detroit man who police say was partly devoured by an animal in his home.,foxnews,true,true,,,Unknown,"Detroit, Michigan",-1,null
